5,11,0,0,45,8,88,52,592,42,0,7,1,0,1,0,0,0,31,23,327,37,29,2,29,0,7,3,0,0,0,0,1,0,12,8,153,132,26,0,12,3,0,0,0,0,3,11,999,70,0,0,0,0,9,0,0,0,0,0,0,0,0,3,360,48,0,0,3,0,0,0,0,0,0,0,0,0,0,0,0,0,0,0,18,0,0,0,0,0,0,0,0,406,26,0,0,0,0,0,0,0,0,0,0,0,0,0,0,0,0,0,0,0,0,0,0,0,0,0,0,0,0,0,0,0,0,0,0,0,0,0,0,0,0,0,0,0,0,0,0,0,0,0,0,0,0,0,0,0,0,0,0,0,0,0,0,0,0,0,0,0,0,0,0,0,0,0,0,0,0,0,0,0,0,0,0,0,0,0,0,0,0,0,0,0,0,0,0,0,0,0,0,0,0,0,0,0,0,0,0,0,0,0,0,0,0,0,0,0,0,0
16,168,378,40,14,0,0,0,0,0,0,2,12,22,31,6,23,2,0,0,0,0,0,1,11,53,28,45,868,83,3,0,0,0,0,0,2,3,2,0,9,2,17,1,0,0,0,0,0,1,0,0,0,1,2,0,999,72,4,0,0,0,0,0,0,0,0,0,0,0,0,304,24,1,0,0,0,0,0,0,0,0,0,0,0,0,0,0,0,0,0,0,0,0,0,0,0,0,0,0,0,0,0,0,0,0,0,0,0,0,0,0,0,0,0,0,0,0,0,0,0,0,0,0,0,0,0,0,0,0,0,0,0,0,0,0,0,0,0,0,0,0,0,0,0,0,0,0,0,0,0,0,0,0,0,0,0,0,0,0,0,0,0,0,0,0,0,0,0,0,0,0,0,0,0,0,0,0,0,0,0,0,0,0,0,0,0,0,0,0,0,0,0,0,0,0,0,0,0,0,0,0,0,0,0,0,0,0,0,0,0,0
18,101,296,326,37,3,0,0,0,0,0,2,7,9,14,9,20,19,4,0,0,0,1,1,2,6,15,26,15,784,999,95,4,0,0,0,0,0,0,0,0,0,3,11,338,24,1,0,0,0,0,0,0,0,0,4,3,59,9,2,0,0,0,0,0,0,0,0,0,1,1,2,623,52,4,0,0,0,0,0,0,0,0,0,0,0,0,0,0,0,0,0,0,0,0,0,0,0,0,0,0,0,0,0,0,0,0,0,0,0,0,0,0,0,0,0,0,0,0,0,0,0,0,0,0,0,0,0,0,0,0,0,0,0,0,0,0,0,0,0,0,0,0,0,0,0,0,0,0,0,0,0,0,0,0,0,0,0,0,0,0,0,0,0,0,0,0,0,0,0,0,0,0,0,0,0,0,0,0,0,0,0,0,0,0,0,0,0,0,0,0,0,0,0,0,0,0,0,0,0,0,0,0,0,0,0,0,0,0,0,0,0
0,4,18,11,140,47,671,330,304,84,49,3,1,0,2,1,34,15,303,201,999,267,170,22,6,7,1,0,28,6,66,31,284,403,257,263,99,9,6,0,0,0,19,8,92,49,178,133,188,63,22,7,5,1,3,0,6,4,90,40,389,80,87,45,9,2,2,1,1,0,3,2,56,26,90,26,80,195,25,5,4,3,1,0,2,2,48,25,39,8,21,21,5,2,4,1,1,0,2,1,75,14,6,116,23,6,2,1,1,0,1,0,1,0,5,3,2,2,6,3,4,1,1,0,0,0,1,0,14,2,14,4,2,1,1,0,0,0,0,0,0,0,1,64,10,1,7,1,1,0,0,0,0,0,0,0,0,1,0,1,0,123,19,2,0,0,0,0,0,0,0,0,0,0,0,0,0,0,0,0,0,0,0,0,0,0,0,0,0,0,0,0,0,0,0,0,0,0,0,0,0,0,0,0,0,0,0,0,0,0,0,0
0,65,207,50,27,0,18,0,0,0,0,0,0,17,61,13,37,0,0,0,0,0,0,0,0,17,35,76,456,313,132,10,0,0,0,0,0,0,0,0,31,18,58,0,0,0,0,0,0,0,0,0,12,0,621,783,637,55,15,0,0,0,0,0,0,0,33,10,10,27,32,11,144,14,0,0,0,0,0,0,0,0,49,999,418,52,64,21,0,0,0,0,0,0,0,10,17,0,0,0,187,38,0,0,0,0,0,0,0,0,0,129,58,0,15,0,0,0,0,0,0,0,0,0,0,0,0,0,30,138,15,0,0,0,0,0,0,0,0,0,23,12,0,0,0,0,0,0,0,0,0,0,0,0,0,0,90,69,0,0,0,0,0,0,0,0,0,0,0,0,0,0,0,0,0,0,0,0,0,0,0,0,0,0,0,0,0,0,0,0,0,0,0,0,0,0,0,0,0,0,0,0,0,0,0,0,0,0,0,0,0,0
0,2,4,2,11,17,90,78,58,9,4,7,0,0,0,0,2,1,14,11,29,39,46,21,7,0,0,0,2,0,4,1,14,7,21,17,999,48,8,2,0,0,1,0,3,4,9,15,12,4,84,49,15,1,0,0,0,0,1,0,5,4,2,2,5,24,2,0,0,0,0,2,0,0,2,0,3,0,5,14,1,0,0,0,0,0,0,0,1,10,3,0,0,0,0,0,0,0,0,0,0,0,0,0,0,0,1,2,0,0,0,0,0,0,0,0,0,0,0,0,0,0,0,0,0,0,0,0,0,0,0,0,0,0,0,0,0,0,0,0,0,0,0,0,0,0,0,0,0,0,0,0,0,0,0,0,0,0,0,0,0,0,0,0,0,0,0,0,0,0,0,0,0,0,0,0,0,0,0,0,0,0,0,0,0,0,0,0,0,0,0,0,0,0,0,0,0,0,0,0,0,0,0,0,0,0,0,0,0,0,0,0
0,3,7,2,20,74,235,75,102,69,10,21,7,0,1,0,4,0,14,9,233,27,610,34,62,3,3,0,6,0,3,5,19,34,9,1,15,0,7,0,8,0,5,1,0,2,9,7,67,12,999,298,22,5,0,2,0,0,0,0,1,1,2,0,105,10,7,2,22,2,0,0,0,0,0,0,0,0,33,4,2,0,0,0,0,0,0,0,0,0,0,0,2,0,0,0,0,0,0,0,0,0,0,0,0,0,0,3,0,0,0,0,0,0,0,0,0,0,0,0,0,0,0,0,0,0,0,0,0,0,0,0,0,0,0,0,0,0,0,0,0,0,0,0,0,0,0,0,0,0,0,0,0,0,0,0,0,0,0,0,0,0,0,0,0,0,0,0,0,0,0,0,0,0,0,0,0,0,0,0,0,0,0,0,0,0,0,0,0,0,0,0,0,0,0,0,0,0,0,0,0,0,0,0,0,0,0,0,0,0,0,0
0,2,3,1,11,10,434,41,45,21,3,3,127,3,0,0,0,0,4,3,60,633,41,18,138,24,4,0,0,0,0,0,0,0,1,0,14,4,100,17,2,0,0,0,0,0,0,0,5,0,0,2,4,0,0,0,0,0,0,0,0,0,0,1,0,0,5,0,0,0,0,0,0,0,0,0,0,0,0,0,0,3,0,0,0,0,0,0,0,0,0,0,0,0,0,0,0,0,0,0,0,0,0,0,0,0,0,0,0,0,0,0,0,0,0,0,0,0,0,0,0,0,0,0,0,0,0,0,0,0,0,0,0,0,0,0,0,0,0,0,0,0,0,0,0,0,0,0,0,0,0,0,0,0,0,0,0,0,0,0,0,0,0,0,0,0,0,0,0,0,0,0,0,0,0,0,0,0,0,0,0,0,0,0,0,0,0,0,0,0,0,0,0,0,0,0,0,0,0,0,0,0,0,0,0,0,0,0,0,0,0,0
0,0,2,0,9,7,243,15,17,5,1,76,20,0,0,0,0,0,3,3,64,491,910,40,57,2,0,0,0,0,0,0,0,0,0,0,10,13,10,45,454,19,2,0,0,0,0,0,1,0,0,1,29,4,0,0,0,0,0,0,0,0,0,0,0,0,12,1,0,0,0,0,0,0,0,0,0,0,0,1,3,6,0,0,0,0,0,0,0,0,0,0,0,0,0,0,0,0,0,0,0,0,0,0,0,0,0,0,0,0,2,0,0,0,0,0,0,0,0,0,0,0,0,0,0,0,0,0,0,0,0,0,0,0,0,0,0,0,0,0,0,0,0,0,0,0,0,0,0,0,0,0,0,0,0,0,0,0,0,0,0,0,0,0,0,0,0,0,0,0,0,0,0,0,0,0,0,0,0,0,0,0,0,0,0,0,0,0,0,0,0,0,0,0,0,0,0,0,0,0,0,0,0,0,0,0,0,0,0,0,0,0
0,28,87,20,49,24,75,8,30,2,0,1,3,15,57,12,77,9,52,12,34,7,7,2,1,13,20,21,127,114,31,4,33,17,23,4,22,5,8,5,47,9,777,108,22,3,66,18,8,5,3,1,8,47,75,136,86,9,12,2,9,3,84,7,7,9,584,306,999,197,19,18,3,0,2,10,5,6,83,158,947,182,409,97,38,8,4,0,4,0,6,2,143,46,47,32,420,136,21,3,0,1,1,6,10,8,76,16,12,37,134,26,3,0,1,0,6,2,5,5,22,5,46,9,214,43,5,0,1,1,2,2,1,2,5,16,5,23,11,2,0,0,0,0,0,0,0,0,0,0,1,5,369,694,103,9,0,0,0,0,0,0,0,0,0,0,0,0,0,0,0,0,0,0,0,0,0,0,0,0,0,0,0,0,0,0,0,0,0,0,0,0,0,0,0,0,0,0,0,0,0,0,0,0,0,0,0,0,0,0,0,0
0,6,14,6,6,2,69,5,4,0,0,0,0,5,20,7,89,6,2,2,17,386,150,8,0,1,2,1,6,4,6,0,0,0,0,0,2,0,1,0,37,32,999,170,13,0,0,0,0,0,0,0,0,0,0,1,4,3,2,0,0,0,0,0,0,0,6,0,1,14,38,4,0,0,0,0,0,0,0,0,0,0,0,0,0,0,0,254,68,6,0,0,0,0,0,0,2,1,1,0,7,2,0,0,0,0,0,0,0,0,0,0,0,0,4,0,0,0,0,0,0,0,0,0,0,0,0,0,0,0,0,0,0,0,0,0,0,0,0,0,0,0,3,0,0,0,0,0,0,0,0,0,0,0,0,0,0,20,4,0,0,0,0,0,0,0,0,0,0,0,0,0,0,0,0,0,0,0,0,0,0,0,0,0,0,0,0,0,0,0,0,0,0,0,0,0,0,0,0,0,0,0,0,0,0,0,0,0,0,0,0,0
0,10,27,7,63,34,587,149,903,53,33,241,121,4,4,0,4,6,13,17,105,908,188,11,181,18,37,3,6,0,2,0,0,4,18,12,999,46,27,0,0,0,0,0,0,0,5,2,0,0,0,15,13,60,804,43,7,0,0,0,3,0,0,2,6,0,45,0,0,0,0,0,0,0,0,0,0,0,0,0,9,37,0,0,0,0,0,0,0,0,0,0,0,0,5,0,0,0,0,0,0,0,0,0,0,0,0,0,0,0,0,0,0,0,0,0,0,0,0,0,0,0,0,6,0,0,0,0,0,0,0,0,0,0,0,0,0,0,0,0,0,0,0,0,0,0,0,0,0,0,0,0,0,0,0,0,0,0,0,0,0,0,0,0,0,0,0,0,0,0,0,0,0,0,0,0,0,0,0,0,0,0,0,0,0,0,0,0,0,0,0,0,0,0,0,0,0,0,0,0,0,0,0,0,0,0,0,0,0,0,0,0
0,64,116,41,40,4,51,1,0,0,0,0,6,29,82,24,64,8,1,0,1,0,0,0,0,37,28,0,246,112,159,11,1,0,0,0,1,5,9,0,51,18,160,23,16,1,0,0,0,3,0,0,4,40,159,51,223,24,19,6,1,0,0,0,3,0,181,72,287,37,25,0,171,17,0,0,0,0,2,2,4,0,49,44,240,22,1,0,0,0,0,0,0,0,0,0,4,0,552,999,101,8,0,0,0,0,0,0,0,0,0,0,0,0,0,0,0,0,0,0,0,0,0,0,0,0,0,0,0,0,0,0,0,0,0,0,0,0,0,0,0,0,0,0,0,0,0,0,0,0,0,0,0,0,0,0,0,0,0,0,0,0,0,0,0,0,0,0,0,0,0,0,0,0,0,0,0,0,0,0,0,0,0,0,0,0,0,0,0,0,0,0,0,0,0,0,0,0,0,0,0,0,0,0,0,0,0,0,0,0,0,0
18,142,185,48,20,8,6,0,0,0,0,4,26,49,117,77,726,51,0,0,0,0,0,0,13,47,17,26,208,728,179,17,0,0,0,0,0,0,0,0,0,0,3,23,143,11,0,0,0,0,0,0,0,0,0,0,2,0,0,999,79,4,0,0,0,0,0,0,0,0,0,0,0,0,0,0,0,0,0,0,0,0,0,0,0,0,0,0,0,0,0,0,0,0,0,0,0,0,0,0,0,0,0,0,0,0,0,0,0,0,0,0,0,0,0,0,0,0,0,0,0,0,0,0,0,0,0,0,0,0,0,0,0,0,0,0,0,0,0,0,0,0,0,0,0,0,0,0,0,0,0,0,0,0,0,0,0,0,0,0,0,0,0,0,0,0,0,0,0,0,0,0,0,0,0,0,0,0,0,0,0,0,0,0,0,0,0,0,0,0,0,0,0,0,0,0,0,0,0,0,0,0,0,0,0,0,0,0,0,0,0,0
28,185,384,93,17,0,0,8,4,1,0,3,12,14,18,2,0,0,0,0,0,0,0,3,18,62,29,33,999,139,8,0,0,0,0,1,3,3,1,0,3,0,0,0,0,0,0,0,0,0,0,0,0,0,2,50,944,944,72,4,0,0,0,0,0,0,0,0,0,0,0,0,0,0,0,0,0,0,0,0,0,0,0,0,0,0,0,0,0,0,0,0,0,0,0,0,0,0,0,0,0,0,0,0,0,0,0,0,0,0,0,0,0,0,0,0,0,0,0,0,0,0,0,0,0,0,0,0,0,0,0,0,0,0,0,0,0,0,0,0,0,0,0,0,0,0,0,0,0,0,0,0,0,0,0,0,0,0,0,0,0,0,0,0,0,0,0,0,0,0,0,0,0,0,0,0,0,0,0,0,0,0,0,0,0,0,0,0,0,0,0,0,0,0,0,0,0,0,0,0,0,0,0,0,0,0,0,0,0,0,0,0
6,60,123,70,24,6,29,2,0,0,9,41,13,30,77,21,78,16,3,5,0,3,0,0,4,20,16,16,80,311,30,2,3,2,0,0,3,5,4,5,34,22,434,126,11,14,2,0,0,3,0,0,6,21,48,6,21,101,42,3,0,0,0,0,0,0,0,0,0,9,172,728,70,5,0,0,0,0,0,0,0,2,20,2,0,0,0,0,0,0,0,0,0,0,0,0,0,3,46,999,102,9,0,0,0,0,0,0,0,0,0,0,0,0,0,0,0,0,0,0,0,0,0,0,0,0,0,0,0,0,0,0,0,0,0,0,0,0,0,0,0,0,0,0,0,0,0,0,0,0,0,0,0,0,0,0,0,0,0,0,0,0,0,0,0,0,0,0,0,0,0,0,0,0,0,0,0,0,0,0,0,0,0,0,0,0,0,0,0,0,0,0,0,0,0,0,0,0,0,0,0,0,0,0,0,0,0,0,0,0,0,0
0,1,7,3,29,5,72,6,15,1,2,0,1,0,2,0,19,6,86,22,87,15,31,18,1,0,0,0,41,8,65,131,68,62,55,41,11,4,1,0,0,0,68,131,450,75,999,79,20,7,11,2,0,0,3,0,28,6,69,146,115,118,58,8,24,2,1,0,1,0,9,3,423,39,17,2,9,2,1,0,0,0,0,0,0,1,7,351,44,3,10,1,0,0,0,0,0,0,0,0,0,0,0,1,5,76,8,0,0,0,0,0,0,0,0,0,0,0,0,0,0,0,0,0,0,0,0,0,0,0,0,0,0,0,0,0,0,0,0,0,0,0,0,0,0,0,0,12,1,0,0,0,0,0,0,0,0,0,0,0,0,0,0,0,0,0,0,0,0,0,0,0,0,0,0,0,0,0,0,0,0,0,0,0,0,0,0,0,0,0,0,0,0,0,0,0,0,0,0,0,0,0,0,0,0,0,0,0,0,0,0,0
0,0,0,0,2,0,66,3,2,0,1,999,26,4,0,0,0,0,0,1,12,14,28,1,324,11,1,0,0,0,0,0,0,0,0,0,0,0,18,25,16,0,0,0,0,0,0,0,0,0,0,0,0,0,0,0,0,0,0,0,0,0,0,0,0,0,0,0,0,0,0,0,0,0,0,0,0,0,0,0,0,0,0,0,0,0,0,0,0,0,0,0,0,0,0,0,0,0,0,0,0,0,0,0,0,0,0,0,0,0,0,0,0,0,0,0,0,0,0,0,0,0,0,0,0,0,0,0,0,0,0,0,0,0,0,0,0,0,0,0,0,0,0,0,0,0,0,0,0,0,0,0,0,0,0,0,0,0,0,0,0,0,0,0,0,0,0,0,0,0,0,0,0,0,0,0,0,0,0,0,0,0,0,0,0,0,0,0,0,0,0,0,0,0,0,0,0,0,0,0,0,0,0,0,0,0,0,0,0,0,0,0
0,0,0,0,0,0,279,999,76,2,1,0,0,0,0,0,0,0,0,0,0,0,1,0,15,7,0,0,0,0,0,0,0,0,0,0,0,0,0,0,0,0,0,0,0,0,0,0,0,0,0,0,0,0,0,0,0,0,0,0,0,0,0,0,0,0,0,0,0,0,0,0,0,0,0,0,0,0,0,0,0,0,0,0,0,0,0,0,0,0,0,0,0,0,0,0,0,0,0,0,0,0,0,0,0,0,0,0,0,0,0,0,0,0,0,0,0,0,0,0,0,0,0,0,0,0,0,0,0,0,0,0,0,0,0,0,0,0,0,0,0,0,0,0,0,0,0,0,0,0,0,0,0,0,0,0,0,0,0,0,0,0,0,0,0,0,0,0,0,0,0,0,0,0,0,0,0,0,0,0,0,0,0,0,0,0,0,0,0,0,0,0,0,0,0,0,0,0,0,0,0,0,0,0,0,0,0,0,0,0,0,0
22,6,9,3,24,15,231,896,310,30,38,46,999,44,45,2,1,0,1,1,6,4,6,1,11,4,38,5,3,0,0,0,0,0,1,1,4,1,6,18,108,202,96,14,4,1,0,0,0,0,0,0,2,0,131,15,8,2,0,0,0,0,0,0,0,0,0,0,53,4,3,0,0,0,0,0,0,0,0,0,0,0,4,1,0,0,0,0,0,0,0,0,0,0,0,0,0,298,30,15,1,0,0,0,0,0,0,0,0,0,0,0,0,0,0,0,0,0,0,0,0,0,0,0,0,0,0,0,0,0,0,0,0,0,0,0,0,0,0,0,0,0,0,0,0,0,0,0,0,0,0,0,0,0,0,0,0,0,0,0,0,0,0,0,0,0,0,0,0,0,0,0,0,0,0,0,0,0,0,0,0,0,0,0,0,0,0,0,0,0,0,0,0,0,0,0,0,0,0,0,0,0,0,0,0,0,0,0,0,0,0,0
0,0,0,0,0,0,0,0,0,0,0,0,0,0,0,0,0,0,0,0,0,0,0,0,0,0,0,0,0,0,0,0,0,0,0,0,0,0,0,0,0,0,0,0,0,0,0,0,0,0,0,0,0,0,0,0,0,0,0,0,0,0,0,0,0,0,0,0,7,0,0,0,0,0,0,0,0,0,19,39,24,24,0,7,0,0,0,0,0,0,0,0,7,79,7,0,0,0,0,0,0,0,0,7,19,131,71,999,219,7,0,0,0,0,0,0,0,0,0,7,0,59,0,0,0,0,0,0,0,0,0,0,0,0,0,0,362,49,0,0,0,0,0,0,0,0,0,0,0,0,0,0,0,0,0,0,0,0,0,0,0,0,0,0,0,0,0,0,0,0,0,0,0,0,0,0,0,0,0,0,0,0,0,0,0,0,0,0,0,0,0,0,0,0,0,0,0,0,0,0,0,0,0,0,0,0,0,0,0,0,0,0
1,23,60,29,154,40,376,24,14,0,2,0,1,5,15,4,43,21,218,163,386,28,4,0,0,2,2,0,65,15,63,143,739,131,331,27,0,0,0,0,1,0,44,7,91,18,999,76,51,3,0,0,0,0,1,0,5,1,12,388,282,144,14,0,0,0,0,0,0,0,6,0,3,0,9,12,0,0,0,0,0,0,0,0,0,0,0,1,35,2,1,0,0,0,0,0,0,0,0,0,0,0,0,272,32,2,0,0,0,0,0,0,0,0,0,0,0,0,0,0,0,0,0,0,0,0,0,0,0,0,0,0,0,0,0,0,0,0,0,0,0,0,0,0,0,0,0,0,0,0,0,0,0,0,0,0,0,0,0,0,0,0,0,0,0,0,0,0,0,0,0,0,0,0,0,0,0,0,0,0,0,0,0,0,0,0,0,0,0,0,0,0,0,0,0,0,0,0,0,0,0,0,0,0,0,0,0,0,0,0,0,0
0,29,67,37,166,436,45,0,0,97,0,0,0,0,19,0,43,21,73,20,31,0,0,0,0,0,0,0,70,20,98,47,0,999,57,0,0,0,0,0,0,0,81,44,261,53,32,0,0,0,0,0,0,0,0,0,19,111,162,254,37,0,0,0,0,0,0,0,0,0,0,0,14,13,0,0,0,0,0,0,0,0,0,0,0,0,28,0,0,0,0,0,0,0,0,0,0,0,0,0,0,97,11,0,0,0,0,0,0,0,0,0,0,0,0,0,0,0,0,0,0,0,0,0,0,0,0,0,0,0,0,0,0,0,0,0,0,0,0,0,0,0,0,0,0,0,0,0,0,0,0,0,0,0,0,0,0,0,0,0,0,0,0,0,0,0,0,0,0,0,0,0,0,0,0,0,0,0,0,0,0,0,0,0,0,0,0,0,0,0,0,0,0,0,0,0,0,0,0,0,0,0,0,0,0,0,0,0,0,0,0,0
0,17,82,63,299,40,356,76,58,6,3,1,0,4,25,10,183,57,387,95,754,47,31,2,0,2,3,0,439,120,763,192,386,114,35,5,1,0,1,0,10,0,858,259,999,206,216,30,12,1,0,0,1,6,51,25,623,342,483,118,205,32,34,5,1,1,50,19,69,19,406,447,305,87,60,9,1,0,5,16,15,6,42,9,921,244,132,66,18,2,0,0,3,2,2,1,15,11,289,267,74,10,1,0,0,0,0,0,0,0,4,10,330,94,28,3,0,0,0,0,0,0,0,0,1,1,99,61,8,0,0,0,0,0,0,0,0,0,0,0,166,25,2,0,0,0,0,0,0,0,0,0,0,0,0,65,11,0,0,0,0,0,0,0,0,0,0,0,0,0,0,0,0,0,0,0,0,0,0,0,0,0,0,0,0,0,0,0,0,0,0,0,0,0,0,0,0,0,0,0,0,0,0,0,0,0,0,0,0,0,0,0
0,6,35,22,77,0,163,0,13,0,0,0,0,0,0,23,80,15,35,9,50,0,14,0,0,6,0,0,147,33,117,37,0,0,12,0,0,0,12,0,12,0,210,84,21,40,0,0,0,0,0,0,0,0,10,125,12,0,226,16,0,0,0,0,0,0,36,8,0,27,104,33,172,25,0,0,0,0,0,11,0,0,33,0,104,0,395,58,0,0,0,0,0,6,0,12,0,0,58,22,106,41,0,0,0,0,0,0,0,0,0,0,31,11,329,54,0,0,0,0,0,0,0,0,97,10,29,0,66,13,0,0,0,0,0,0,0,0,0,10,0,0,999,140,10,0,0,0,0,0,0,0,0,0,0,0,0,544,90,0,0,0,0,0,0,0,0,0,0,0,0,0,0,0,0,0,0,0,0,0,0,0,0,0,0,0,0,0,0,0,0,0,0,0,0,0,0,0,0,0,0,0,0,0,0,0,0,0,0,0,0,0
6,200,94,20,17,0,89,4,2,0,0,0,7,22,51,36,26,8,0,7,44,0,0,12,6,73,83,352,251,12,0,0,0,0,0,0,2,15,13,7,34,14,32,0,0,0,0,0,0,5,0,0,17,38,269,424,133,13,0,0,0,0,0,0,0,0,86,20,30,13,0,0,0,0,0,0,0,3,27,17,18,5,275,34,23,1,0,0,0,0,0,0,0,0,0,7,31,321,33,0,0,0,0,0,0,0,22,1,0,0,999,40,3,0,0,0,0,0,0,0,0,0,0,0,20,399,49,3,0,0,0,0,0,0,0,0,0,0,0,0,0,0,0,0,0,0,0,0,0,0,0,0,0,0,0,0,0,0,0,0,0,0,0,0,0,0,0,0,0,0,0,0,0,0,0,0,0,0,0,0,0,0,0,0,0,0,0,0,0,0,0,0,0,0,0,0,0,0,0,0,0,0,0,0,0,0,0,0,0,0,0,0
2,15,57,14,17,1,9,1,5,3,2,1,4,9,28,8,27,13,7,1,3,0,0,3,8,9,13,6,75,17,26,2,1,0,2,12,5,4,6,2,17,5,47,6,4,1,0,0,1,1,6,1,5,8,26,9,99,17,14,4,4,1,1,2,6,5,94,57,9,3,8,2,14,1,1,1,15,4,9,9,9,4,9,5,56,70,8,4,1,2,11,3,27,7,15,2,3,1,3,3,34,5,33,4,12,5,20,3,7,1,0,0,0,0,0,0,1,2,7,11,999,105,322,33,2,0,0,0,0,0,0,0,0,2,5,298,37,100,10,1,0,0,0,0,0,0,0,0,0,0,0,0,0,0,0,0,0,0,0,0,0,0,0,0,0,0,0,0,0,0,0,0,0,0,0,0,0,0,0,0,0,0,0,0,0,0,0,0,0,0,0,0,0,0,0,0,0,0,0,0,0,0,0,0,0,0,0,0,0,0,0,0
11,126,316,80,13,15,16,0,1,0,0,2,14,31,70,9,13,11,0,0,0,0,0,0,9,58,53,61,423,316,20,0,0,0,0,0,3,5,8,2,12,2,30,3,0,0,0,0,2,8,2,0,14,88,565,292,34,5,1,0,0,0,0,0,0,0,11,4,0,0,0,0,0,0,0,0,0,0,0,1,4,7,999,738,72,5,0,0,0,0,0,0,0,0,0,0,0,0,0,0,0,0,0,0,0,0,0,0,0,0,0,0,0,0,0,0,0,0,0,0,0,0,0,0,0,0,0,0,0,0,0,0,0,0,0,0,0,0,0,0,0,0,0,0,0,0,0,0,0,0,0,0,0,0,0,0,0,0,0,0,0,0,0,0,0,0,0,0,0,0,0,0,0,0,0,0,0,0,0,0,0,0,0,0,0,0,0,0,0,0,0,0,0,0,0,0,0,0,0,0,0,0,0,0,0,0,0,0,0,0,0,0
0,18,48,18,122,30,83,48,10,2,40,1,1,4,11,2,34,11,108,33,956,70,6,2,0,1,0,1,42,9,52,25,81,51,108,242,13,1,0,0,1,0,48,13,32,150,63,14,5,1,0,0,0,0,2,1,11,4,14,13,88,18,3,0,0,0,3,0,3,0,28,3,14,2,59,10,1,0,0,0,0,0,0,0,1,12,2,3,70,8,1,0,0,0,0,0,0,0,0,0,0,0,0,38,4,0,0,0,0,0,0,0,0,0,0,0,0,0,0,0,0,0,0,0,0,0,0,0,0,0,0,0,0,0,0,0,0,0,0,0,0,0,0,0,0,0,0,0,0,0,0,0,0,0,0,0,0,0,0,0,0,0,0,0,0,0,0,0,0,0,0,0,0,0,0,0,0,0,0,0,0,0,0,0,0,0,0,0,0,0,0,0,0,0,0,0,0,0,0,0,0,0,0,0,0,0,0,0,0,0,0,0
8,90,97,2,25,0,6,0,1,0,95,2,48,94,286,85,6,0,0,0,2,3,0,0,21,27,23,10,7,0,0,0,0,0,0,4,7,11,9,10,275,317,29,21,0,0,0,0,0,2,0,0,3,0,0,0,0,2,0,0,0,0,0,0,0,0,0,0,0,594,48,4,0,0,0,0,0,0,0,0,0,0,0,0,0,0,0,0,0,0,0,0,0,0,0,0,0,999,80,7,0,0,0,0,0,0,0,0,0,0,0,0,0,0,0,0,0,0,0,0,0,0,0,0,0,0,0,0,0,0,0,0,0,0,0,0,0,0,0,0,0,0,0,0,0,0,0,0,0,0,0,0,0,0,0,0,0,0,0,0,0,0,0,0,0,0,0,0,0,0,0,0,0,0,0,0,0,0,0,0,0,0,0,0,0,0,0,0,0,0,0,0,0,0,0,0,0,0,0,0,0,0,0,0,0,0,0,0,0,0,0,0
10,68,112,57,99,30,25,1,0,0,0,2,16,32,71,18,38,20,10,10,5,0,0,0,6,20,9,8,325,78,349,108,25,4,0,1,4,6,4,1,49,121,67,6,3,0,0,0,0,0,0,0,0,0,0,0,9,0,953,999,82,5,0,0,0,0,0,0,0,0,0,0,0,0,0,0,0,0,0,0,0,0,0,0,0,0,0,0,0,0,0,0,0,0,0,0,0,0,0,0,0,0,0,0,0,0,0,0,0,0,0,0,0,0,0,0,0,0,0,0,0,0,0,0,0,0,0,0,0,0,0,0,0,0,0,0,0,0,0,0,0,0,0,0,0,0,0,0,0,0,0,0,0,0,0,0,0,0,0,0,0,0,0,0,0,0,0,0,0,0,0,0,0,0,0,0,0,0,0,0,0,0,0,0,0,0,0,0,0,0,0,0,0,0,0,0,0,0,0,0,0,0,0,0,0,0,0,0,0,0,0,0
8,45,77,37,82,34,20,1,0,0,0,0,8,15,30,7,19,9,4,4,1,0,0,0,3,9,4,3,210,44,178,82,15,3,0,0,2,3,2,0,22,85,41,3,1,0,0,0,0,0,0,0,0,0,0,0,8,5,999,884,69,4,0,0,0,0,0,0,0,0,0,0,0,0,0,0,0,0,0,0,0,0,0,0,0,0,0,0,0,0,0,0,0,0,0,0,0,0,0,0,0,0,0,0,0,0,0,0,0,0,0,0,0,0,0,0,0,0,0,0,0,0,0,0,0,0,0,0,0,0,0,0,0,0,0,0,0,0,0,0,0,0,0,0,0,0,0,0,0,0,0,0,0,0,0,0,0,0,0,0,0,0,0,0,0,0,0,0,0,0,0,0,0,0,0,0,0,0,0,0,0,0,0,0,0,0,0,0,0,0,0,0,0,0,0,0,0,0,0,0,0,0,0,0,0,0,0,0,0,0,0,0
2,18,38,23,24,2,5,0,0,0,0,0,2,6,13,4,14,3,0,1,0,0,0,0,0,3,2,1,83,27,59,33,4,0,0,0,0,1,0,0,6,41,25,2,0,3,0,0,0,0,0,0,0,0,0,0,2,6,414,999,77,4,0,0,0,0,0,0,0,0,0,0,1,0,0,0,0,0,0,0,0,0,0,0,0,0,0,0,0,0,0,0,0,0,0,0,0,0,0,0,0,101,10,1,0,0,0,0,0,0,0,0,0,0,0,0,0,0,0,0,0,0,0,0,0,0,0,0,0,0,0,0,0,0,0,0,0,0,0,0,0,0,0,0,0,0,0,0,0,0,0,0,0,0,0,0,0,0,0,0,0,0,0,0,0,0,0,0,0,0,0,0,0,0,0,0,0,0,0,0,0,0,0,0,0,0,0,0,0,0,0,0,0,0,0,0,0,0,0,0,0,0,0,0,0,0,0,0,0,0,0,0
0,8,24,15,18,1,10,1,0,0,0,0,0,2,9,2,23,3,0,0,3,77,159,7,0,1,1,1,77,19,47,34,4,0,0,0,0,0,0,0,5,26,41,7,1,0,0,0,0,0,0,0,0,0,0,0,1,2,226,999,80,5,0,0,0,0,0,0,0,0,2,0,2,6,0,0,0,0,0,0,0,0,0,0,0,0,2,0,0,0,0,0,0,0,0,0,0,0,0,0,1,0,0,0,0,0,0,0,0,0,0,0,0,0,0,0,0,0,0,0,0,0,0,0,0,0,0,0,0,136,18,1,0,0,0,0,0,0,0,0,0,0,0,0,0,0,0,0,0,0,0,0,0,0,0,0,0,0,0,0,0,0,0,0,0,0,0,0,0,0,0,0,0,0,0,0,0,0,0,0,0,0,0,0,0,0,0,0,0,0,0,0,0,0,0,0,0,0,0,0,0,0,0,0,0,0,0,0,0,0,0,0
3,36,73,41,37,2,4,4,3,0,0,2,9,13,34,9,45,4,1,0,1,2,1,0,1,7,5,5,240,67,203,13,0,0,2,0,2,3,2,0,16,14,172,62,11,1,0,0,0,0,0,0,0,0,0,0,4,5,269,23,1,0,0,0,0,0,0,0,0,0,0,4,391,999,83,5,0,0,0,0,0,0,0,0,0,0,0,0,0,0,0,0,0,0,0,0,0,0,0,0,0,0,0,0,0,0,0,0,0,0,0,0,0,0,0,0,0,0,0,0,0,0,0,0,0,0,0,0,0,0,0,0,0,0,0,0,0,0,0,0,0,0,0,0,0,0,0,0,0,0,0,0,0,0,0,0,0,0,0,0,0,0,0,0,0,0,0,0,0,0,0,0,0,0,0,0,0,0,0,0,0,0,0,0,0,0,0,0,0,0,0,0,0,0,0,0,0,0,0,0,0,0,0,0,0,0,0,0,0,0,0,0
4,62,155,33,27,3,10,1,5,6,2,4,7,18,51,12,53,11,3,0,1,0,2,6,9,27,26,30,288,75,211,15,1,1,1,1,3,6,7,2,19,14,219,21,7,1,1,1,1,3,2,0,9,30,151,60,679,63,16,2,0,0,0,0,1,2,57,12,51,13,289,35,3,0,0,1,0,0,3,5,17,10,35,43,999,97,17,2,0,0,0,0,0,0,0,0,6,3,109,664,78,11,1,0,0,0,0,0,0,0,0,0,0,0,0,0,0,0,0,0,0,0,0,0,0,0,0,0,0,0,0,0,0,0,0,0,0,0,0,0,0,0,0,0,0,0,0,0,0,0,0,0,0,0,0,0,0,0,0,0,0,0,0,0,0,0,0,0,0,0,0,0,0,0,0,0,0,0,0,0,0,0,0,0,0,0,0,0,0,0,0,0,0,0,0,0,0,0,0,0,0,0,0,0,0,0,0,0,0,0,0,0
0,49,120,50,230,58,255,26,77,4,0,0,5,14,45,4,185,4,923,103,631,40,33,0,0,8,6,0,285,70,311,6,762,366,46,12,0,0,0,0,9,0,378,56,243,78,394,52,19,0,0,0,0,5,27,0,156,0,555,108,440,121,13,0,0,0,7,0,7,0,164,0,999,115,296,37,0,0,0,0,0,0,0,0,0,105,18,0,185,18,0,0,0,0,0,0,0,0,0,0,0,0,0,289,32,0,0,0,0,0,0,0,0,0,0,0,0,0,0,0,0,0,0,0,0,0,0,0,0,0,0,0,0,0,0,0,0,0,0,0,0,0,0,0,0,0,0,0,0,0,0,0,0,0,0,0,0,0,0,0,0,0,0,0,0,0,0,0,0,0,0,0,0,0,0,0,0,0,0,0,0,0,0,0,0,0,0,0,0,0,0,0,0,0,0,0,0,0,0,0,0,0,0,0,0,0,0,0,0,0,0,0
10,32,35,16,53,19,538,471,115,14,1,2,5,6,9,5,31,46,18,21,139,425,245,9,2,2,0,0,3,2,3,1,12,10,463,178,11,1,0,0,0,0,0,0,2,13,4,1,23,2,0,0,0,0,0,0,0,0,0,0,0,3,17,999,70,8,0,0,0,0,0,0,0,0,0,0,0,0,0,0,0,0,0,0,0,0,0,0,0,0,0,0,0,0,0,0,0,0,0,0,0,0,0,0,0,0,0,0,0,0,0,0,0,0,0,0,0,0,0,0,0,0,0,0,0,0,0,0,0,0,0,0,0,0,0,0,0,0,0,0,0,0,0,0,0,0,0,0,0,0,0,0,0,0,0,0,0,0,0,0,0,0,0,0,0,0,0,0,0,0,0,0,0,0,0,0,0,0,0,0,0,0,0,0,0,0,0,0,0,0,0,0,0,0,0,0,0,0,0,0,0,0,0,0,0,0,0,0,0,0,0,0
0,9,15,5,39,102,90,123,999,82,9,0,0,0,3,0,7,5,235,16,17,12,141,73,3,1,0,0,7,1,14,1,47,455,38,1,10,0,0,0,0,0,0,0,0,0,1,1,1,1,13,27,2,0,0,0,0,0,0,0,0,0,0,0,0,0,0,0,0,0,0,0,0,0,0,0,0,0,0,0,0,0,0,0,0,0,0,0,0,0,0,0,0,0,0,0,0,0,0,0,0,0,0,0,0,0,0,0,0,0,0,0,0,0,0,0,0,0,0,0,0,0,0,0,0,0,0,0,0,0,0,0,0,0,0,0,0,0,0,0,0,0,0,0,0,0,0,0,0,0,0,0,0,0,0,0,0,0,0,0,0,0,0,0,0,0,0,0,0,0,0,0,0,0,0,0,0,0,0,0,0,0,0,0,0,0,0,0,0,0,0,0,0,0,0,0,0,0,0,0,0,0,0,0,0,0,0,0,0,0,0,0
6,24,27,13,53,28,317,176,31,7,2,1,3,3,6,3,27,48,16,5,353,42,26,2,1,1,1,3,3,6,2,1,6,7,185,140,11,1,0,0,0,0,2,1,4,5,9,1,61,4,0,0,0,0,0,0,0,0,0,0,0,2,49,999,74,7,1,0,0,0,0,0,0,0,0,0,0,0,0,0,0,0,0,0,0,0,0,0,0,0,0,0,0,0,0,0,0,0,0,0,0,0,0,0,0,0,0,0,0,0,0,0,0,0,0,0,0,0,0,0,0,0,0,0,0,0,0,0,0,0,0,0,0,0,0,0,0,0,0,0,0,0,0,0,0,0,0,0,0,0,0,0,0,0,0,0,0,0,0,0,0,0,0,0,0,0,0,0,0,0,0,0,0,0,0,0,0,0,0,0,0,0,0,0,0,0,0,0,0,0,0,0,0,0,0,0,0,0,0,0,0,0,0,0,0,0,0,0,0,0,0,0
0,25,56,36,134,110,164,14,24,1,0,1,2,8,18,0,85,89,194,62,27,44,3,0,0,2,1,0,57,25,85,1,999,100,103,21,1,0,0,0,1,0,22,6,14,19,96,34,5,2,0,0,0,0,1,0,6,2,5,11,18,4,1,0,0,0,0,0,0,0,4,0,2,0,20,3,0,0,0,0,0,0,0,0,0,1,0,0,2,0,0,0,0,0,0,0,0,0,0,0,0,0,0,70,8,0,0,0,0,0,0,0,0,0,0,0,0,0,0,0,0,0,0,0,0,0,0,0,0,0,0,0,0,0,0,0,0,0,0,0,0,0,0,0,0,0,0,0,0,0,0,0,0,0,0,0,0,0,0,0,0,0,0,0,0,0,0,0,0,0,0,0,0,0,0,0,0,0,0,0,0,0,0,0,0,0,0,0,0,0,0,0,0,0,0,0,0,0,0,0,0,0,0,0,0,0,0,0,0,0,0,0
1,9,27,15,113,197,352,32,11,1,0,0,0,2,8,3,35,75,952,556,281,30,7,1,0,2,1,1,46,11,94,62,873,729,136,9,0,1,0,0,1,0,25,3,34,37,611,974,114,6,0,0,2,0,3,8,4,0,6,11,328,97,9,0,0,0,2,0,2,0,1,0,2,0,12,1,0,0,0,0,0,0,2,4,2,0,0,2,11,999,110,6,0,0,0,0,0,0,0,0,0,0,0,0,0,0,0,0,0,0,0,0,0,0,0,0,0,0,0,0,0,0,0,0,0,0,0,0,0,0,0,0,0,0,0,0,0,0,0,0,0,0,0,0,0,0,0,0,0,0,0,0,0,0,0,0,0,0,0,0,0,0,0,0,0,0,0,0,0,0,0,0,0,0,0,0,0,0,0,0,0,0,0,0,0,0,0,0,0,0,0,0,0,0,0,0,0,0,0,0,0,0,0,0,0,0,0,0,0,0,0,0
0,0,1,1,6,5,30,43,172,13,0,0,0,0,0,0,0,0,0,5,1,14,1,24,4,0,0,0,0,0,0,0,0,1,0,16,2,999,58,1,0,0,0,0,0,0,0,0,0,2,0,7,0,0,0,0,0,0,0,0,0,0,0,2,0,2,0,0,0,0,0,0,0,0,0,0,0,0,0,14,70,9,0,0,0,0,0,0,0,0,0,0,0,0,0,0,0,0,0,0,0,0,0,0,0,0,0,0,0,0,0,0,0,0,0,0,0,0,0,0,0,0,0,0,0,0,0,0,0,0,0,0,0,0,0,0,0,0,0,0,0,0,0,0,0,0,0,0,0,0,0,0,0,0,0,0,0,0,0,0,0,0,0,0,0,0,0,0,0,0,0,0,0,0,0,0,0,0,0,0,0,0,0,0,0,0,0,0,0,0,0,0,0,0,0,0,0,0,0,0,0,0,0,0,0,0,0,0,0,0,0,0
29,0,0,0,1,0,8,5,16,49,82,103,510,467,34,19,0,0,0,0,2,0,0,0,2,0,999,42,44,2,0,0,0,0,0,0,0,0,0,0,32,752,41,34,0,0,0,0,0,0,0,0,0,0,0,0,0,0,0,0,0,0,0,0,0,0,0,0,0,0,0,0,0,0,0,0,0,0,0,0,0,0,0,0,0,0,0,0,0,0,0,0,0,0,0,0,0,0,0,0,0,0,0,0,0,0,0,0,0,0,0,0,0,0,0,0,0,0,0,0,0,0,0,0,0,0,0,0,0,0,0,0,0,0,0,0,0,0,0,0,0,0,0,0,0,0,0,0,0,0,0,0,0,0,0,0,0,0,0,0,0,0,0,0,0,0,0,0,0,0,0,0,0,0,0,0,0,0,0,0,0,0,0,0,0,0,0,0,0,0,0,0,0,0,0,0,0,0,0,0,0,0,0,0,0,0,0,0,0,0,0,0
0,6,14,5,4,3,21,4,1,5,24,18,2,4,14,6,53,3,0,0,0,0,999,54,9,3,3,3,12,11,5,0,0,0,0,0,0,0,2,1,19,7,301,31,2,0,0,0,0,0,0,0,0,4,9,6,17,0,0,0,0,0,0,0,0,0,52,21,154,12,0,0,0,0,0,0,0,0,2,5,56,7,16,348,103,10,4,0,0,0,0,0,0,0,0,0,0,0,0,0,0,0,0,0,0,0,0,0,0,0,0,0,0,24,3,0,0,0,0,0,0,0,0,0,0,0,0,0,0,0,0,0,0,1,0,0,0,0,0,0,0,0,0,0,0,0,0,0,0,0,0,0,0,0,0,0,2,0,0,0,0,0,0,0,0,0,0,0,0,0,0,0,0,0,0,0,0,0,0,0,0,0,0,0,0,0,0,0,0,0,0,0,0,0,0,0,0,0,0,0,0,0,0,0,0,0,0,0,0,0,0,0
0,16,53,13,13,1,12,5,6,20,999,35,3,5,25,9,90,6,5,12,6,4,6,1,1,7,6,5,65,72,38,2,1,1,4,1,1,1,2,0,17,8,821,71,4,1,1,0,2,0,0,0,1,6,31,34,57,42,7,4,0,0,0,1,0,0,12,12,12,4,1,0,2,1,0,0,0,0,4,8,14,6,454,53,4,0,0,0,0,0,0,1,0,0,1,1,12,440,55,4,63,8,0,0,0,0,0,0,0,0,0,0,0,0,0,0,0,0,0,0,0,0,0,0,0,0,0,0,0,0,0,0,0,0,0,0,0,0,0,0,0,0,0,0,0,0,0,0,0,0,0,0,0,0,0,0,0,0,0,0,0,0,0,0,0,0,0,0,0,0,0,0,0,0,0,0,0,0,0,0,0,0,0,0,0,0,0,0,0,0,0,0,0,0,0,0,0,0,0,0,0,0,0,0,0,0,0,0,0,0,0,0
12,56,86,102,62,30,3,0,0,0,0,0,0,0,8,23,16,91,999,53,0,0,0,0,0,0,0,3,2,3,5,13,13,2,0,0,0,0,0,0,0,0,0,4,33,4,0,2,0,0,0,0,0,0,0,0,0,5,0,907,72,2,0,0,0,0,0,0,0,0,0,0,0,0,0,0,0,0,0,0,0,0,0,0,0,0,0,0,0,0,0,0,0,0,0,0,0,0,0,0,0,0,0,0,0,0,0,0,0,0,0,0,0,0,0,0,0,0,0,0,0,0,0,0,0,0,0,0,0,0,0,0,0,0,0,0,0,0,0,0,0,0,0,0,0,0,0,0,0,0,0,0,0,0,0,0,0,0,0,0,0,0,0,0,0,0,0,0,0,0,0,0,0,0,0,0,0,0,0,0,0,0,0,0,0,0,0,0,0,0,0,0,0,0,0,0,0,0,0,0,0,0,0,0,0,0,0,0,0,0,0,0
1,6,20,39,15,13,4,0,0,0,0,0,0,1,4,12,5,20,14,2,0,0,0,0,0,0,2,2,1,4,4,33,147,9,0,0,0,0,0,0,0,0,0,0,5,0,0,0,0,0,0,0,0,0,0,0,1,2,26,926,68,2,0,0,0,0,0,0,0,0,0,0,0,0,0,0,0,0,0,0,0,0,0,0,0,0,0,0,0,0,0,0,0,0,0,0,0,0,0,0,0,0,0,0,0,0,0,0,0,0,0,0,0,0,0,0,0,0,0,0,0,0,0,0,0,0,0,0,0,0,0,0,0,0,0,0,0,0,0,0,0,0,0,0,0,0,0,0,0,0,0,0,0,0,0,0,0,0,0,0,0,0,0,0,0,0,0,0,0,0,0,0,0,0,0,0,0,0,0,0,0,0,0,0,0,0,0,0,0,0,0,0,0,0,0,0,0,0,0,0,0,0,0,0,0,0,0,0,0,0,0,0
10,57,86,65,97,16,0,0,0,0,0,0,5,7,10,5,31,30,69,12,0,0,0,0,0,1,2,3,24,43,1,170,12,0,0,0,0,0,0,0,0,0,0,21,147,999,581,41,0,0,0,0,0,0,0,0,0,0,0,0,0,0,0,0,0,0,0,0,0,0,0,0,0,0,0,0,0,0,0,0,0,0,0,0,0,0,0,0,0,0,0,0,0,0,0,0,0,0,0,0,0,0,0,0,0,0,0,0,0,0,0,0,0,0,0,0,0,0,0,0,0,0,0,0,0,0,0,0,0,0,0,0,0,0,0,0,0,0,0,0,0,0,0,0,0,0,0,0,0,0,0,0,0,0,0,0,0,0,0,0,0,0,0,0,0,0,0,0,0,0,0,0,0,0,0,0,0,0,0,0,0,0,0,0,0,0,0,0,0,0,0,0,0,0,0,0,0,0,0,0,0,0,0,0,0,0,0,0,0,0,0,0
15,1,1,0,0,0,1,1,3,1,1,1,80,11,5,223,23,23,2,1,0,0,0,0,0,0,0,5,7,82,506,141,49,12,1,0,0,0,0,0,0,0,0,0,0,0,0,0,0,0,0,0,0,0,0,0,0,0,0,0,0,0,162,6,20,0,0,0,0,0,0,0,0,0,0,0,0,999,37,128,4,6,0,0,0,0,0,0,0,0,0,0,0,0,0,0,0,0,0,0,0,0,0,0,0,0,0,0,0,0,0,0,0,0,0,0,0,0,0,0,0,0,0,0,0,0,0,0,0,0,0,0,0,0,0,0,0,0,0,0,0,0,0,0,0,0,0,0,0,0,0,0,0,0,0,0,0,0,0,0,0,0,0,0,0,0,0,0,0,0,0,0,0,0,0,0,0,0,0,0,0,0,0,0,0,0,0,0,0,0,0,0,0,0,0,0,0,0,0,0,0,0,0,0,0,0,0,0,0,0,0,0
0,6,9,0,22,24,214,630,39,18,10,0,0,0,0,0,0,0,10,0,209,34,13,0,7,0,0,0,0,0,0,0,0,0,28,215,16,0,9,0,0,0,0,0,0,0,0,0,0,0,0,0,0,0,0,0,0,0,0,0,0,0,0,0,0,0,0,0,0,0,0,0,0,0,0,0,0,0,0,0,0,0,0,0,0,0,0,0,0,0,0,0,0,0,0,0,0,0,0,0,0,0,0,0,0,0,0,0,0,0,0,0,0,0,0,0,0,0,0,0,0,0,0,0,0,0,0,0,0,0,0,0,0,0,0,0,0,0,0,0,0,0,0,0,0,0,0,0,0,0,0,0,0,0,0,0,0,0,0,0,0,0,0,0,0,0,0,0,0,0,0,0,0,0,0,0,0,0,0,0,0,0,0,0,0,0,0,0,0,0,0,0,0,0,0,0,0,0,0,0,0,0,0,0,0,0,0,0,0,0,0,0
11,154,521,30,11,2,19,3,5,13,0,0,10,29,82,32,112,29,3,14,12,44,52,7,7,37,28,27,456,34,3,0,0,0,2,12,33,0,3,3,12,3,12,6,6,50,4,0,0,1,1,0,1,12,3,1,2,1,0,0,0,1,1,0,4,8,124,23,3,0,8,0,0,0,0,0,0,2,3,5,4,1,2,0,0,0,0,0,0,2,26,39,398,187,20,5,0,0,0,0,0,0,1,2,3,1,4,0,0,0,0,0,0,0,0,0,0,0,0,34,149,999,131,10,0,0,0,0,0,0,0,0,0,0,0,0,0,0,0,0,0,0,0,0,0,0,0,0,0,0,0,0,0,0,0,0,0,0,0,0,0,0,0,0,0,0,0,0,0,0,0,0,0,0,0,0,0,0,0,0,0,0,0,0,0,0,0,0,0,0,0,0,0,0,0,0,0,0,0,0,0,0,0,0,0,0,0,0,0,0,0,0
0,0,0,0,0,0,48,6,13,2,2,232,100,0,0,0,0,0,0,3,17,176,999,56,210,8,0,0,0,0,0,0,0,0,0,0,0,5,0,568,159,11,0,0,0,0,0,0,0,0,0,0,90,9,0,0,0,0,0,0,0,0,0,0,0,0,0,34,0,0,0,0,0,0,0,0,0,0,0,0,0,0,0,0,0,0,0,0,0,0,0,0,0,0,0,0,0,0,0,0,0,0,0,0,0,0,0,0,0,0,0,0,0,0,0,0,0,0,0,0,0,0,0,0,0,0,0,0,0,0,0,0,0,0,0,0,0,0,0,0,0,0,0,0,0,0,0,0,0,0,0,0,0,0,0,0,0,0,0,0,0,0,0,0,0,0,0,0,0,0,0,0,0,0,0,0,0,0,0,0,0,0,0,0,0,0,0,0,0,0,0,0,0,0,0,0,0,0,0,0,0,0,0,0,0,0,0,0,0,0,0,0
0,0,0,0,1,0,9,21,596,19,4,0,0,0,0,0,0,0,0,0,0,0,0,0,52,94,99,3,0,0,0,0,0,0,2,13,0,0,18,0,0,0,0,0,0,0,0,0,0,0,0,0,0,116,5,0,0,0,0,0,0,0,0,0,0,0,0,0,0,0,0,0,0,0,0,0,0,0,0,0,0,0,0,0,0,0,0,0,0,0,0,0,0,0,0,0,0,0,0,0,0,0,0,0,0,0,0,0,0,0,0,0,0,0,0,0,0,0,0,0,0,0,0,0,0,0,0,0,0,0,0,0,0,0,0,0,0,0,0,0,0,0,0,0,0,0,0,0,0,0,0,0,0,0,0,0,0,0,0,0,0,0,0,0,0,0,0,0,0,0,0,0,0,0,0,0,0,0,0,0,0,0,0,0,0,0,0,0,0,0,0,0,0,0,0,0,0,0,0,0,0,0,0,0,0,0,0,0,0,0,0,0
5,21,44,117,176,65,42,85,6,0,0,0,0,1,3,7,6,32,8,3,1,0,0,0,0,0,2,2,2,3,41,234,96,8,0,0,0,0,0,0,0,0,0,1,20,4,0,0,0,0,0,0,0,0,0,0,2,8,999,725,50,1,0,0,0,0,0,0,0,0,0,0,0,0,0,0,0,0,0,0,0,0,0,0,0,0,0,0,0,0,0,0,0,0,0,0,0,0,0,0,0,0,0,0,0,0,0,0,0,0,0,0,0,0,0,0,0,0,0,0,0,0,0,0,0,0,0,0,0,0,0,0,0,0,0,0,0,0,0,0,0,0,0,0,0,0,0,0,0,0,0,0,0,0,0,0,0,0,0,0,0,0,0,0,0,0,0,0,0,0,0,0,0,0,0,0,0,0,0,0,0,0,0,0,0,0,0,0,0,0,0,0,0,0,0,0,0,0,0,0,0,0,0,0,0,0,0,0,0,0,0,0
0,11,38,17,122,92,328,80,19,147,154,6,0,4,10,3,41,19,238,376,400,26,467,25,2,1,1,0,115,20,125,50,554,75,183,381,29,1,0,0,2,0,108,105,554,73,139,233,51,12,5,0,0,1,7,3,31,10,57,356,38,9,287,21,2,0,5,1,7,1,5,6,94,9,2,0,37,64,6,0,0,0,0,2,0,11,2,75,9,0,187,18,1,0,0,0,0,0,0,0,0,0,0,0,0,238,26,2,0,0,0,0,0,0,0,0,0,0,0,0,0,0,0,0,0,0,0,0,0,0,0,0,0,0,0,0,0,0,0,0,0,0,0,0,0,0,0,0,0,0,0,0,0,0,0,0,0,0,0,0,0,0,0,0,0,0,0,0,0,0,0,0,0,0,0,0,0,0,0,0,0,0,0,0,0,0,0,0,0,0,0,0,0,0,0,0,0,0,0,0,0,0,0,0,0,0,0,0,0,0,0,0
3,58,156,66,88,7,227,9,4,0,5,3,6,29,70,20,127,62,18,6,8,0,0,0,0,18,19,16,355,98,87,8,25,1,0,0,0,3,4,0,30,9,288,35,54,87,12,0,0,0,0,0,6,31,360,225,105,16,43,6,14,0,0,0,0,0,35,9,7,9,24,13,190,95,9,3,0,0,0,0,0,4,323,97,197,24,19,1,207,18,0,0,0,0,0,0,2,1,53,7,350,37,0,0,0,0,0,0,0,0,0,0,0,0,39,999,110,8,0,0,0,0,0,0,0,0,0,0,0,0,0,0,0,0,0,0,0,0,0,0,0,0,0,0,0,0,0,0,0,0,0,0,0,0,0,0,0,0,0,0,0,0,0,0,0,0,0,0,0,0,0,0,0,0,0,0,0,0,0,0,0,0,0,0,0,0,0,0,0,0,0,0,0,0,0,0,0,0,0,0,0,0,0,0,0,0,0,0,0,0,0,0
0,0,0,0,0,0,7,0,9,21,41,6,7,0,0,0,0,0,0,0,15,0,13,18,0,0,0,0,0,0,0,0,0,0,0,6,32,23,999,46,63,0,0,0,0,0,0,0,0,0,12,0,3,0,0,0,0,0,0,0,0,0,0,0,4,0,0,0,33,0,0,0,0,0,0,0,0,0,0,0,0,0,12,0,0,0,0,0,0,0,0,0,0,0,0,3,0,0,0,0,0,0,0,0,0,0,0,0,0,0,125,10,0,0,0,0,0,0,0,0,0,0,0,0,0,0,0,0,0,0,0,0,0,0,0,0,0,0,0,0,0,0,0,0,0,0,0,0,0,0,0,0,0,0,0,0,0,0,0,0,0,0,0,0,0,0,0,0,0,0,0,0,0,0,0,0,0,0,0,0,0,0,0,0,0,0,0,0,0,0,0,0,0,0,0,0,0,0,0,0,0,0,0,0,0,0,0,0,0,0,0,0
12,22,24,5,15,1,1,0,0,0,0,0,1,1,0,0,2,9,57,14,6,1,0,0,0,0,0,0,0,0,1,0,0,0,0,0,0,0,0,0,0,0,0,0,0,4,885,999,59,6,0,0,0,0,0,0,0,0,0,0,0,0,0,0,0,0,0,0,0,0,0,0,0,0,0,0,0,0,0,0,0,0,0,0,0,0,0,0,0,0,0,0,0,0,0,0,0,0,0,0,0,0,0,0,0,0,0,0,0,0,0,0,0,0,0,0,0,0,0,0,0,0,0,0,0,0,0,0,0,0,0,0,0,0,0,0,0,0,0,0,0,0,0,0,0,0,0,0,0,0,0,0,0,0,0,0,0,0,0,0,0,0,0,0,0,0,0,0,0,0,0,0,0,0,0,0,0,0,0,0,0,0,0,0,0,0,0,0,0,0,0,0,0,0,0,0,0,0,0,0,0,0,0,0,0,0,0,0,0,0,0,0
7,37,69,57,453,23,3,1,9,16,12,2,1,1,1,1,1,1,0,3,9,1,4,0,0,0,0,2,1,0,4,5,999,59,5,5,21,2,1,0,0,0,3,1,0,0,1,0,1,0,0,0,0,0,0,0,1,0,0,0,0,0,3,4,10,216,14,10,1,0,0,0,0,0,0,0,0,0,0,0,0,0,0,0,0,0,0,0,0,0,0,0,0,0,0,0,0,0,0,0,0,0,0,0,0,0,0,0,0,0,0,0,0,0,0,0,0,0,0,0,0,0,0,0,0,0,0,0,0,0,0,0,0,0,0,0,0,0,0,0,0,0,0,0,0,0,0,0,0,0,0,0,0,0,0,0,0,0,0,0,0,0,0,0,0,0,0,0,0,0,0,0,0,0,0,0,0,0,0,0,0,0,0,0,0,0,0,0,0,0,0,0,0,0,0,0,0,0,0,0,0,0,0,0,0,0,0,0,0,0,0,0
0,9,14,6,39,75,585,96,464,63,9,10,2,2,3,0,8,8,87,174,70,936,236,84,9,19,1,0,0,0,8,2,191,21,31,11,40,153,12,1,0,0,0,0,0,1,21,143,20,9,6,1,0,0,0,0,0,0,0,0,0,3,2,3,4,14,1,0,0,0,0,0,0,0,0,0,0,0,0,0,0,0,0,0,0,0,0,0,0,0,0,0,0,0,0,0,0,0,0,0,0,0,0,0,0,0,0,0,0,0,0,0,0,0,0,0,0,0,0,0,0,0,0,0,0,0,0,0,0,0,0,0,0,0,0,0,0,0,0,0,0,0,0,0,0,0,0,0,0,0,0,0,0,0,0,0,0,0,0,0,0,0,0,0,0,0,0,0,0,0,0,0,0,0,0,0,0,0,0,0,0,0,0,0,0,0,0,0,0,0,0,0,0,0,0,0,0,0,0,0,0,0,0,0,0,0,0,0,0,0,0,0
0,4,7,3,24,55,656,954,233,9,4,1,0,0,1,0,3,1,17,132,515,999,62,2,19,0,0,0,2,0,1,0,6,3,73,6,8,2,1,0,0,0,0,0,0,2,0,1,8,55,4,0,0,0,0,0,0,0,0,0,0,0,0,0,0,0,0,0,0,0,0,0,0,0,0,0,0,0,0,0,0,0,0,0,0,0,0,0,0,0,0,0,0,0,0,0,0,0,0,0,0,0,0,0,0,0,0,0,0,0,0,0,0,0,0,0,0,0,0,0,0,0,0,0,0,0,0,0,0,0,0,0,0,0,0,0,0,0,0,0,0,0,0,0,0,0,0,0,0,0,0,0,0,0,0,0,0,0,0,0,0,0,0,0,0,0,0,0,0,0,0,0,0,0,0,0,0,0,0,0,0,0,0,0,0,0,0,0,0,0,0,0,0,0,0,0,0,0,0,0,0,0,0,0,0,0,0,0,0,0,0,0
2,9,12,3,28,22,152,819,380,89,7,35,4,2,3,0,4,1,80,5,13,6,66,166,17,3,0,0,1,0,2,0,11,127,9,1,3,0,4,0,0,0,0,0,0,0,0,0,0,0,3,4,0,0,0,0,0,0,0,0,0,0,0,0,0,0,0,0,0,0,0,0,0,0,0,0,0,0,0,0,0,0,0,0,0,0,0,0,0,0,0,0,0,0,0,0,0,0,0,0,0,0,0,0,0,0,0,0,0,0,0,0,0,0,0,0,0,0,0,0,0,0,0,0,0,0,0,0,0,0,0,0,0,0,0,0,0,0,0,0,0,0,0,0,0,0,0,0,0,0,0,0,0,0,0,0,0,0,0,0,0,0,0,0,0,0,0,0,0,0,0,0,0,0,0,0,0,0,0,0,0,0,0,0,0,0,0,0,0,0,0,0,0,0,0,0,0,0,0,0,0,0,0,0,0,0,0,0,0,0,0,0
0,0,0,0,11,7,106,95,99,6,13,999,110,7,2,2,0,1,8,4,28,32,7,1,445,63,5,0,0,0,0,4,3,13,20,2,1,1,134,9,2,0,0,0,0,0,0,0,6,6,11,1,1,0,0,0,0,0,0,0,0,0,0,0,0,2,2,9,1,0,0,0,0,0,0,0,0,0,0,0,0,0,0,0,0,0,0,0,0,0,0,0,0,0,0,0,0,0,0,0,0,0,0,0,0,0,0,0,0,0,0,0,0,0,0,0,0,0,0,0,0,0,0,0,0,0,0,0,0,0,0,0,0,0,0,0,0,0,0,0,0,0,0,0,0,0,0,0,0,0,0,0,0,0,0,0,0,0,0,0,0,0,0,0,0,0,0,0,0,0,0,0,0,0,0,0,0,0,0,0,0,0,0,0,0,0,0,0,0,0,0,0,0,0,0,0,0,0,0,0,0,0,0,0,0,0,0,0,0,0,0,0
2,9,14,5,31,35,569,999,95,5,6,1,2,2,2,0,3,1,12,9,239,38,29,4,30,2,1,0,1,0,1,0,2,2,14,96,9,3,1,2,0,0,0,0,0,0,0,0,0,0,0,0,0,1,0,0,0,0,0,0,0,0,0,0,0,0,0,0,0,0,0,0,0,0,0,0,0,0,0,0,0,0,0,0,0,0,0,0,0,0,0,0,0,0,0,0,0,0,0,0,0,0,0,0,0,0,0,0,0,0,0,0,0,0,0,0,0,0,0,0,0,0,0,0,0,0,0,0,0,0,0,0,0,0,0,0,0,0,0,0,0,0,0,0,0,0,0,0,0,0,0,0,0,0,0,0,0,0,0,0,0,0,0,0,0,0,0,0,0,0,0,0,0,0,0,0,0,0,0,0,0,0,0,0,0,0,0,0,0,0,0,0,0,0,0,0,0,0,0,0,0,0,0,0,0,0,0,0,0,0,0,0
0,3,4,1,11,4,788,52,77,92,999,35,3,0,1,0,1,0,2,0,15,1,7,60,517,24,2,0,1,0,0,0,0,0,3,13,12,0,0,0,0,0,0,0,0,0,0,0,0,0,0,0,8,1,0,0,0,0,0,0,0,0,0,0,0,0,0,0,0,0,0,0,0,0,0,0,0,0,0,0,0,0,0,0,0,0,0,0,0,0,0,0,0,0,0,0,0,0,0,0,0,0,0,0,0,0,0,0,0,0,0,0,0,0,0,0,0,0,0,0,0,0,0,0,0,0,0,0,0,0,0,0,0,0,0,0,0,0,0,0,0,0,0,0,0,0,0,0,0,0,0,0,0,0,0,0,0,0,0,0,0,0,0,0,0,0,0,0,0,0,0,0,0,0,0,0,0,0,0,0,0,0,0,0,0,0,0,0,0,0,0,0,0,0,0,0,0,0,0,0,0,0,0,0,0,0,0,0,0,0,0,0
7,38,52,21,103,96,460,113,404,19,4,6,9,12,15,3,26,10,44,54,468,158,17,2,18,3,1,0,17,4,76,81,26,5,504,27,4,2,0,0,0,0,7,1,4,1,8,5,108,206,20,1,0,0,0,0,0,0,0,0,0,0,0,0,0,0,0,0,0,0,0,0,0,0,0,0,0,0,0,0,0,0,0,0,0,0,0,0,0,0,0,0,0,0,0,0,0,0,0,0,0,0,0,0,0,0,0,0,0,0,0,0,0,0,0,0,0,0,0,0,0,0,0,0,0,0,0,0,0,0,0,0,0,0,0,0,0,0,0,0,0,0,0,0,0,0,0,0,0,0,0,0,0,0,0,0,0,0,0,0,0,0,0,0,0,0,0,0,0,0,0,0,0,0,0,0,0,0,0,0,0,0,0,0,0,0,0,0,0,0,0,0,0,0,0,0,0,0,0,0,0,0,0,0,0,0,0,0,0,0,0,0
0,0,1,0,2,3,21,21,3,2,9,0,0,0,0,0,0,0,1,1,7,1,0,11,1,0,0,0,0,0,0,0,0,0,2,2,0,6,0,0,0,0,0,0,0,0,0,0,0,0,0,7,42,7,0,0,0,0,0,0,0,0,0,0,0,0,0,0,0,0,0,0,0,0,0,0,0,0,0,0,0,0,0,0,0,0,0,0,0,0,0,0,0,0,0,0,0,0,0,0,0,0,0,0,0,0,0,0,0,0,0,0,0,0,0,0,0,0,0,0,0,0,0,0,0,0,0,0,0,0,0,0,0,0,0,0,0,0,0,0,0,0,0,0,0,0,0,0,0,0,0,0,0,0,0,0,0,0,0,0,0,0,0,0,0,0,0,0,0,0,0,0,0,0,0,0,0,0,0,0,0,0,0,0,0,0,0,0,0,0,0,0,0,0,0,0,0,0,0,0,0,0,0,0,0,0,0,0,0,0,0,0
1,20,53,12,7,0,5,2,14,1,2,0,1,6,19,4,25,2,1,0,0,0,5,2,0,0,999,46,101,34,60,3,0,0,0,0,0,0,1,0,12,8,76,6,1,0,0,0,0,0,0,0,1,11,41,23,150,14,4,0,0,0,0,0,0,0,41,14,62,10,8,1,4,0,0,0,0,0,0,0,1,1,4,2,10,13,1,0,0,0,0,0,0,0,0,0,0,0,6,42,77,8,0,0,0,0,0,0,0,0,0,0,0,0,0,0,0,0,0,0,0,0,0,0,0,0,0,0,0,0,1,0,0,0,0,0,0,0,0,0,0,0,0,0,0,0,0,0,0,0,0,0,0,0,0,0,0,0,0,0,0,0,0,0,0,0,0,0,0,0,0,0,0,0,0,0,0,0,0,0,0,0,0,0,0,0,0,0,0,0,0,0,0,0,0,0,0,0,0,0,0,0,0,0,0,0,0,0,0,0,0,0
0,4,5,6,23,16,124,79,62,34,999,28,8,0,4,0,7,4,34,25,132,37,385,21,6,0,0,0,7,3,10,8,90,13,21,20,21,10,7,0,0,0,5,3,21,7,83,91,31,18,12,0,3,0,0,3,4,0,4,4,21,37,44,18,31,56,10,0,0,0,0,0,55,7,7,3,3,3,0,0,7,0,3,0,0,0,3,8,6,0,43,7,0,0,0,0,0,0,0,0,0,0,0,0,0,8,3,0,13,0,0,0,0,0,0,0,0,0,0,0,0,0,0,0,0,0,0,0,0,0,0,0,0,0,0,0,0,0,0,0,0,0,0,0,0,0,0,0,0,0,0,0,0,0,0,0,0,0,0,0,0,0,0,0,0,0,0,0,0,0,0,0,0,0,0,0,0,0,0,0,0,0,0,0,0,0,0,0,0,0,0,0,0,0,0,0,0,0,0,0,0,0,0,0,0,0,0,0,0,0,0,0
3,19,22,12,1,0,0,1,10,19,68,1,12,38,96,34,9,2,1,0,0,0,0,0,1,7,6,5,3,3,0,0,0,0,0,1,4,9,11,14,263,433,36,1,0,0,0,0,0,0,0,0,0,0,0,0,0,0,0,0,0,0,0,0,0,5,7,74,999,93,4,0,0,0,0,0,0,0,0,0,0,0,0,0,0,0,0,0,0,0,0,0,0,0,0,0,0,0,0,0,0,0,0,0,0,0,0,0,0,0,0,0,0,0,0,0,0,0,0,0,0,0,0,0,0,0,0,0,0,0,0,0,0,0,0,0,0,0,0,0,0,0,0,0,0,0,0,0,0,0,0,0,0,0,0,0,0,0,0,0,0,0,0,0,0,0,0,0,0,0,0,0,0,0,0,0,0,0,0,0,0,0,0,0,0,0,0,0,0,0,0,0,0,0,0,0,0,0,0,0,0,0,0,0,0,0,0,0,0,0,0,0
0,8,36,17,57,6,71,5,10,5,1,0,1,4,20,8,55,13,37,4,44,3,22,3,1,2,3,3,118,28,96,13,50,6,7,1,4,1,1,0,7,2,173,26,122,17,86,13,8,1,1,0,1,4,24,9,105,18,104,20,66,16,3,1,0,0,32,11,35,9,78,12,103,80,42,4,0,0,3,9,11,4,32,5,85,16,153,45,5,0,0,0,2,2,3,15,6,2,17,5,80,10,2,0,0,0,0,0,3,1,56,8,13,40,12,2,0,0,0,0,0,0,0,0,0,1,2,0,999,134,10,1,0,0,0,0,0,0,0,0,0,0,5,44,7,0,0,0,0,0,0,0,0,0,0,0,0,0,0,0,0,0,0,0,0,0,0,0,0,0,0,0,0,0,0,0,0,0,0,0,0,0,0,0,0,0,0,0,0,0,0,0,0,0,0,0,0,0,0,0,0,0,0,0,0,0,0,0,0,0,0,0
0,0,50,21,120,12,200,10,25,0,0,0,0,0,16,0,80,19,50,6,40,70,24,0,0,0,0,0,260,60,120,20,50,10,22,0,0,0,0,0,0,0,300,140,810,82,50,20,0,0,0,0,0,0,24,8,87,21,81,24,160,12,0,0,0,0,25,10,26,5,40,10,999,100,22,0,0,0,0,0,0,0,14,0,21,0,50,670,200,0,0,0,0,0,0,0,25,0,11,25,31,0,0,0,0,0,0,0,0,0,0,0,0,0,40,0,0,0,0,0,0,0,0,0,10,0,0,0,0,0,0,0,0,0,0,0,0,0,0,0,0,0,45,0,0,0,0,0,0,0,0,0,0,0,0,0,0,210,31,0,0,0,0,0,0,0,0,0,0,0,0,0,0,0,0,0,0,0,0,0,0,0,0,0,0,0,0,0,0,0,0,0,0,0,0,0,0,0,0,0,0,0,0,0,0,0,0,0,0,0,0,0
1,22,73,38,232,20,78,5,2,6,3,1,2,6,21,6,53,59,318,999,69,2,1,0,0,3,4,2,100,27,177,83,91,17,1,0,0,0,1,0,3,2,82,114,397,131,51,4,1,0,0,0,1,1,6,3,25,8,103,30,3,0,0,0,0,0,4,1,2,1,7,2,104,10,1,0,0,0,0,0,0,0,0,0,1,1,2,108,12,1,0,0,0,0,0,0,0,0,0,0,0,0,0,0,0,0,0,0,0,0,0,0,0,0,0,0,0,0,0,0,0,0,0,0,0,0,0,0,0,0,0,0,0,0,0,0,0,0,0,0,0,0,0,0,0,0,0,0,0,0,0,0,0,0,0,0,0,0,0,0,0,0,0,0,0,0,0,0,0,0,0,0,0,0,0,0,0,0,0,0,0,0,0,0,0,0,0,0,0,0,0,0,0,0,0,0,0,0,0,0,0,0,0,0,0,0,0,0,0,0,0,0
0,0,0,0,28,39,408,251,48,28,0,0,0,0,0,0,0,8,585,59,452,79,18,7,0,0,0,0,0,0,7,0,47,999,126,7,0,0,0,0,0,0,0,0,0,0,0,0,7,0,0,0,0,0,0,0,0,0,0,0,0,0,0,0,0,0,0,0,0,0,0,0,0,0,0,0,0,0,0,0,0,0,0,0,0,0,0,0,0,0,0,19,0,0,0,0,0,0,0,0,0,0,0,0,0,0,0,0,0,0,0,0,0,0,0,0,0,0,0,0,0,0,0,0,0,0,0,0,0,0,0,0,0,0,0,0,0,0,0,0,0,0,0,0,0,0,0,0,0,0,0,0,0,0,0,0,0,0,0,0,0,0,0,0,0,0,0,0,0,0,0,0,0,0,0,0,0,0,0,0,0,0,0,0,0,0,0,0,0,0,0,0,0,0,0,0,0,0,0,0,0,0,0,0,0,0,0,0,0,0,0,0
0,3,12,6,73,42,405,193,180,24,15,0,0,0,3,0,13,7,256,128,309,100,999,58,12,0,0,0,17,4,28,94,766,380,134,28,85,38,5,0,0,0,9,1,22,47,702,289,44,4,38,7,0,0,0,0,1,0,2,2,113,68,14,15,15,2,0,0,0,0,0,0,2,0,312,32,3,0,0,0,0,0,0,0,0,0,0,0,9,275,33,2,9,0,0,0,0,0,0,0,0,0,0,0,0,0,2,0,0,0,0,0,0,0,0,0,0,0,0,0,0,0,0,0,0,0,0,0,0,0,0,0,0,0,0,0,0,0,0,0,0,0,0,0,0,0,0,0,0,0,0,0,0,0,0,0,0,0,0,0,0,0,0,0,0,0,0,0,0,0,0,0,0,0,0,0,0,0,0,0,0,0,0,0,0,0,0,0,0,0,0,0,0,0,0,0,0,0,0,0,0,0,0,0,0,0,0,0,0,0,0,0
2,22,28,4,2,0,2,0,6,0,0,0,8,30,64,10,33,2,0,0,0,0,0,0,3,22,25,11,22,4,26,0,0,0,0,0,4,10,16,21,55,5,0,0,0,0,0,0,1,6,4,3,12,7,1,1,0,0,0,0,1,2,2,0,22,44,857,85,5,0,0,0,1,1,0,0,2,25,57,123,38,6,0,0,0,0,0,0,0,0,0,0,1,9,77,9,1,0,0,0,0,0,0,0,0,0,1,1,9,999,120,9,0,0,0,0,0,0,0,0,0,0,0,0,0,0,0,0,0,0,0,0,0,0,0,0,0,0,0,0,0,0,0,0,0,0,0,0,0,0,0,0,0,0,0,0,0,0,0,0,0,0,0,0,0,0,0,0,0,0,0,0,0,0,0,0,0,0,0,0,0,0,0,0,0,0,0,0,0,0,0,0,0,0,0,0,0,0,0,0,0,0,0,0,0,0,0,0,0,0,0,0
0,19,18,66,18,6,0,0,0,0,0,14,12,27,79,82,248,38,0,0,0,0,0,0,0,7,6,11,7,0,6,0,0,0,0,0,0,0,0,0,8,40,129,572,59,11,0,0,0,0,0,0,0,0,0,0,0,0,0,0,0,0,0,0,0,0,0,0,0,8,999,358,28,0,0,0,0,0,0,0,0,0,0,0,0,0,0,0,0,0,0,0,0,0,0,0,0,0,0,0,0,7,628,55,4,0,0,0,0,0,0,0,0,0,0,0,0,0,0,0,0,0,0,0,0,0,0,0,0,0,0,0,0,0,0,0,0,0,0,0,0,0,0,0,0,0,0,0,0,0,0,0,0,0,0,0,0,0,0,0,0,0,0,0,0,0,0,0,0,0,0,0,0,0,0,0,0,0,0,0,0,0,0,0,0,0,0,0,0,0,0,0,0,0,0,0,0,0,0,0,0,0,0,0,0,0,0,0,0,0,0,0
1,0,0,0,0,0,0,0,0,121,999,35,10,0,0,0,0,0,0,0,0,0,0,0,3,10,79,2,0,0,0,0,0,0,0,0,0,0,0,0,37,1,0,0,0,0,0,0,0,0,0,0,0,0,497,25,2,0,0,0,0,0,0,0,0,0,0,0,0,0,0,0,0,0,0,0,0,0,0,0,0,0,0,0,0,0,0,0,0,0,0,0,0,0,0,0,0,0,0,0,0,0,0,0,0,0,0,0,0,0,0,0,0,0,0,0,0,0,0,0,0,0,0,0,0,0,0,0,0,0,0,0,0,0,0,0,0,0,0,0,0,0,0,0,0,0,0,0,0,0,0,0,0,0,0,0,0,0,0,0,0,0,0,0,0,0,0,0,0,0,0,0,0,0,0,0,0,0,0,0,0,0,0,0,0,0,0,0,0,0,0,0,0,0,0,0,0,0,0,0,0,0,0,0,0,0,0,0,0,0,0,0
0,5,14,7,45,9,102,10,40,25,71,3,0,2,5,2,17,7,85,20,114,16,26,6,0,0,0,0,35,8,73,14,43,30,42,59,92,33,2,0,1,0,55,9,98,48,999,88,40,10,3,0,0,0,2,1,20,27,245,205,55,146,62,8,7,1,2,0,1,0,6,4,45,22,5,2,25,3,2,0,0,0,0,0,1,1,127,13,1,0,2,0,0,0,0,0,0,0,0,0,1,65,9,1,14,2,0,0,0,0,0,0,0,0,0,0,0,0,0,20,3,0,0,0,0,0,0,0,0,0,0,0,0,0,0,0,0,0,0,0,0,0,0,0,0,0,0,0,0,0,0,0,0,0,0,0,0,0,0,0,0,0,0,0,0,0,0,0,0,0,0,0,0,0,0,0,0,0,0,0,0,0,0,0,0,0,0,0,0,0,0,0,0,0,0,0,0,0,0,0,0,0,0,0,0,0,0,0,0,0,0,0
2,24,33,9,3,0,2,1,15,16,1,0,6,15,37,11,16,2,0,0,0,11,14,2,2,14,24,15,35,8,0,0,0,0,0,0,2,5,8,9,43,20,6,1,1,0,0,0,0,2,2,3,17,10,7,33,3,0,0,0,0,0,0,0,9,13,194,70,41,4,0,0,0,0,0,0,0,0,2,22,2,0,0,0,0,0,0,0,0,0,0,12,13,158,999,112,6,0,0,0,0,0,0,0,0,0,0,0,0,0,0,0,0,0,0,0,0,0,0,0,0,0,0,0,0,0,0,0,0,0,0,0,0,0,0,0,0,0,0,0,0,0,0,0,0,0,0,0,0,0,0,0,0,0,0,0,0,0,0,0,0,0,0,0,0,0,0,0,0,0,0,0,0,0,0,0,0,0,0,0,0,0,0,0,0,0,0,0,0,0,0,0,0,0,0,0,0,0,0,0,0,0,0,0,0,0,0,0,0,0,0,0
21,172,437,47,12,3,0,0,1,0,38,1,1,2,2,2,8,9,4,0,0,0,0,0,0,1,9,14,19,806,57,5,1,2,0,0,0,0,0,0,0,0,3,9,17,3,0,0,0,0,0,0,0,0,0,0,8,999,75,12,3,1,0,0,0,0,0,0,0,0,16,6,0,0,0,0,0,0,0,0,0,0,0,0,0,0,0,10,847,68,5,0,0,0,0,0,0,0,0,0,0,0,0,0,0,0,0,0,0,0,0,0,0,0,0,0,0,0,0,0,0,0,0,0,0,0,0,0,0,0,0,0,0,0,0,0,0,0,0,0,0,0,0,0,0,0,0,0,0,0,0,0,0,0,0,0,0,0,0,0,0,0,0,0,0,0,0,0,0,0,0,0,0,0,0,0,0,0,0,0,0,0,0,0,0,0,0,0,0,0,0,0,0,0,0,0,0,0,0,0,0,0,0,0,0,0,0,0,0,0,0,0
5,25,19,9,65,5,7,0,1,0,7,3,16,38,131,157,241,22,5,1,3,0,1,0,3,11,9,15,10,2,3,4,15,0,0,0,0,0,0,0,0,2,9,656,155,12,8,0,0,0,0,0,0,0,0,2,2,1,1,3,4,0,0,0,0,0,0,0,0,0,5,999,303,23,4,0,0,0,0,0,0,0,0,0,0,1,0,2,7,0,0,0,0,0,0,0,0,0,0,0,0,0,2,442,39,4,0,0,0,0,0,0,0,0,0,0,0,0,0,0,0,0,0,0,0,0,0,0,0,0,0,0,0,0,0,0,0,0,0,0,0,0,0,0,0,0,0,0,0,0,0,0,0,0,0,0,0,0,0,0,0,0,0,0,0,0,0,0,0,0,0,0,0,0,0,0,0,0,0,0,0,0,0,0,0,0,0,0,0,0,0,0,0,0,0,0,0,0,0,0,0,0,0,0,0,0,0,0,0,0,0,0
11,0,0,0,0,0,40,3,3,5,4,2,16,0,0,0,0,0,0,0,4,7,364,12,0,0,54,2,3,0,0,0,0,0,0,0,0,0,0,0,0,0,0,0,0,0,0,0,0,0,0,0,0,0,83,3,4,0,0,0,0,0,0,0,0,0,0,0,0,153,5,5,0,0,0,0,0,0,0,0,0,0,0,0,0,0,0,0,0,0,0,0,0,0,0,0,0,0,0,0,0,0,0,0,0,0,0,0,0,0,0,0,0,0,0,0,0,0,0,0,0,0,0,0,0,0,0,0,0,0,0,0,0,0,0,0,0,0,0,0,0,0,0,0,0,0,0,0,0,0,0,0,0,0,0,0,0,0,0,0,0,0,0,0,0,0,0,0,0,0,0,0,0,0,0,0,0,0,0,0,0,0,0,0,0,0,0,0,0,0,0,0,0,0,0,0,0,0,0,0,0,0,0,0,0,0,0,0,0,0,0,0
0,0,0,0,1,0,7,1,9,0,0,0,0,0,0,0,2,0,1,0,3,0,3,0,0,0,0,2,7,1,2,0,1,0,2,2,0,0,0,0,2,1,10,1,1,0,1,1,1,1,2,0,0,1,2,1,6,1,1,0,0,0,0,0,0,0,19,4,5,0,2,0,0,0,0,0,0,0,6,27,25,5,8,2,1,0,0,0,0,0,2,0,29,20,28,7,6,1,1,0,2,0,1,12,21,15,34,20,29,5,6,1,0,0,0,0,19,7,20,15,38,32,41,10,6,1,0,0,0,3,4,2,7,9,34,27,36,11,7,17,3,0,0,0,0,0,2,2,19,30,16,3,16,3,1,0,0,0,1,0,1,1,3,6,228,34,10,1,0,0,0,0,0,0,0,0,1,0,14,32,6,0,0,0,0,0,0,0,0,0,0,0,2,2,999,209,15,0,0,0,0,0,0,0,0,0,0,0,11,221,38,2
0,0,0,0,10,0,8,4,37,11,0,0,0,9,9,0,11,0,0,0,0,0,3,0,4,0,0,7,34,0,0,11,0,0,0,0,9,0,0,0,0,0,27,9,0,0,0,0,0,0,0,0,0,0,0,0,4,0,0,0,0,0,0,0,0,0,52,0,0,0,6,0,0,0,0,0,0,0,18,88,44,0,0,0,7,0,0,0,0,0,0,0,65,53,25,0,53,0,0,0,0,0,0,21,38,0,60,27,94,20,181,13,0,0,0,0,10,0,0,0,25,28,42,10,21,0,0,0,0,10,0,0,0,0,19,0,44,0,140,0,0,0,0,0,0,0,0,0,21,0,33,21,111,18,0,0,0,0,0,0,0,0,0,0,6,0,3,0,0,0,0,0,0,0,0,0,0,0,0,6,0,0,0,0,0,0,0,0,0,0,0,0,10,0,999,163,10,0,0,0,0,0,0,0,0,0,0,0,0,270,66,0
0,0,0,0,7,0,45,0,7,0,0,0,0,0,0,0,0,0,68,38,999,88,0,0,0,0,0,0,18,7,89,7,35,7,0,0,0,0,0,0,0,0,38,18,276,27,178,18,0,0,0,0,0,0,0,0,45,18,38,18,27,0,0,0,0,0,0,7,0,0,18,0,27,48,18,7,0,0,0,0,0,0,7,0,0,0,7,19,0,0,0,0,0,0,0,0,0,0,0,0,69,7,0,0,0,0,0,0,0,0,7,0,7,0,19,0,0,0,0,0,0,0,0,0,0,0,0,0,19,0,0,0,0,0,0,0,0,0,0,0,0,0,0,118,7,0,0,0,0,0,0,0,0,0,0,0,0,0,0,0,0,0,0,0,0,0,0,0,0,0,0,0,0,0,0,0,0,0,0,0,0,0,0,0,0,0,0,0,0,0,0,0,0,0,0,0,0,0,0,0,0,0,0,0,0,0,0,0,0,0,0,0
0,1,4,2,20,48,458,580,192,39,10,4,332,8,2,0,3,3,37,112,372,437,93,7,81,5,1,0,2,0,3,1,16,89,266,260,44,4,14,3,0,0,1,0,1,1,9,30,210,242,20,4,17,6,0,2,1,0,0,0,1,2,14,9,2,5,3,39,3,0,0,0,0,1,0,3,3,81,9,3,3,3,0,0,0,0,0,0,0,0,0,2,2,1,1,0,0,0,0,0,0,0,0,0,0,0,0,0,0,0,0,0,0,0,0,0,0,0,0,0,0,0,1,0,0,0,0,0,0,0,0,0,0,0,0,0,0,0,0,0,0,0,0,0,0,0,0,0,0,0,0,0,0,0,0,0,0,0,0,0,0,0,0,0,0,0,0,0,0,0,0,0,0,0,0,0,0,0,0,0,0,0,0,0,0,0,0,0,0,0,0,0,0,0,0,0,0,0,0,0,0,0,0,0,0,0,0,0,0,0,0,0
0,4,101,76,236,33,96,2,0,4,3,0,0,0,37,25,198,60,184,52,108,0,0,0,6,30,0,4,374,83,573,375,185,73,31,3,0,0,1,2,15,8,674,126,560,119,252,49,0,0,2,0,0,11,65,40,554,208,415,520,208,53,11,5,0,0,74,25,121,27,550,350,719,189,76,24,0,0,4,25,52,29,138,103,682,347,302,264,140,49,0,0,0,12,67,35,130,731,999,369,186,135,6,13,0,0,0,1,195,34,70,74,749,330,109,5,0,0,0,0,0,4,48,303,44,44,695,519,0,0,19,2,0,0,0,0,140,14,25,0,154,508,57,0,0,0,0,1,0,0,0,871,139,55,624,132,7,23,0,0,0,0,0,0,0,0,0,0,0,840,85,62,0,0,0,0,0,0,0,0,0,0,0,0,0,0,0,0,0,0,0,0,0,0,0,0,0,0,0,0,0,0,0,0,0,0,0,0,0,0,0,0
0,4,10,4,40,56,875,999,385,15,8,1,0,1,2,0,5,4,47,157,586,610,88,4,24,1,0,0,3,0,3,0,11,61,331,487,39,2,2,0,0,0,1,0,0,0,4,2,28,4,1,2,1,0,0,0,0,0,0,0,0,2,3,22,2,0,0,0,0,0,0,0,0,0,0,0,0,0,0,0,0,0,0,0,0,0,0,0,0,0,0,0,0,0,0,0,0,0,0,0,0,0,0,0,0,0,0,0,0,0,0,0,0,0,0,0,0,0,0,0,0,0,0,0,0,0,0,0,0,0,0,0,0,0,0,0,0,0,0,0,0,0,0,0,0,0,0,0,0,0,0,0,0,0,0,0,0,0,0,0,0,0,0,0,0,0,0,0,0,0,0,0,0,0,0,0,0,0,0,0,0,0,0,0,0,0,0,0,0,0,0,0,0,0,0,0,0,0,0,0,0,0,0,0,0,0,0,0,0,0,0,0
0,2,5,2,22,39,103,28,999,71,10,2,0,0,1,0,3,6,39,49,25,13,47,190,20,1,0,0,2,0,3,2,45,40,17,13,90,12,1,0,0,0,0,0,1,0,18,2,4,0,57,6,3,0,0,0,0,0,0,0,2,9,4,0,0,0,0,0,0,0,0,0,0,0,0,0,0,0,4,1,0,0,0,0,0,0,0,0,0,0,0,0,0,0,0,0,0,0,0,0,0,0,0,0,0,0,0,0,0,0,0,0,0,0,0,0,0,0,0,0,0,0,0,0,0,0,0,0,0,0,0,0,0,0,0,0,0,0,0,0,0,0,0,0,0,0,0,0,0,0,0,0,0,0,0,0,0,0,0,0,0,0,0,0,0,0,0,0,0,0,0,0,0,0,0,0,0,0,0,0,0,0,0,0,0,0,0,0,0,0,0,0,0,0,0,0,0,0,0,0,0,0,0,0,0,0,0,0,0,0,0,0
1,6,6,2,8,3,56,39,26,2,9,999,41,4,0,0,0,0,0,0,3,0,0,0,371,37,3,0,0,0,0,0,0,0,5,3,9,0,22,1,0,0,0,0,0,0,0,0,0,0,0,0,2,2,2,0,0,0,0,0,0,0,0,0,0,0,0,0,0,0,0,0,0,0,0,0,0,0,0,0,0,0,0,0,0,0,0,0,0,0,0,0,0,0,0,0,0,0,0,0,0,0,0,0,0,0,0,0,0,0,0,0,0,0,0,0,0,0,0,0,0,0,0,0,0,0,0,0,0,0,0,0,0,0,0,0,0,0,0,0,0,0,0,0,0,0,0,0,0,0,0,0,0,0,0,0,0,0,0,0,0,0,0,0,0,0,0,0,0,0,0,0,0,0,0,0,0,0,0,0,0,0,0,0,0,0,0,0,0,0,0,0,0,0,0,0,0,0,0,0,0,0,0,0,0,0,0,0,0,0,0,0
14,50,58,24,158,406,999,200,128,246,12,101,4,0,0,0,0,0,16,9,8,8,23,19,56,1,0,0,7,0,12,12,33,125,48,4,24,1,0,0,0,0,0,0,4,9,25,2,11,9,46,217,15,0,0,0,0,0,0,0,0,0,0,0,0,0,0,0,0,0,0,0,0,0,0,0,0,0,0,0,0,0,0,0,0,0,0,0,0,0,0,0,0,0,0,0,0,0,0,0,0,0,0,0,0,0,0,0,0,0,0,0,0,0,0,0,0,0,0,0,0,0,0,0,0,0,0,0,0,0,0,0,0,0,0,0,0,0,0,0,0,0,0,0,0,0,0,0,0,0,0,0,0,0,0,0,0,0,0,0,0,0,0,0,0,0,0,0,0,0,0,0,0,0,0,0,0,0,0,0,0,0,0,0,0,0,0,0,0,0,0,0,0,0,0,0,0,0,0,0,0,0,0,0,0,0,0,0,0,0,0,0
0,36,69,18,0,0,0,0,0,0,0,0,0,31,88,24,208,12,0,0,0,0,0,0,0,0,0,0,24,0,0,0,0,0,0,0,0,0,0,0,82,82,999,296,18,6,0,0,0,0,0,0,0,0,0,0,3,0,6,0,0,0,0,0,0,0,0,0,0,57,6,0,0,0,0,0,0,0,0,0,0,0,0,0,0,0,0,566,57,6,0,0,0,0,0,0,0,0,0,0,0,0,0,0,0,0,0,0,0,0,0,0,0,0,0,0,0,0,0,0,0,0,0,0,0,0,0,0,0,0,0,0,0,0,0,0,0,0,0,0,0,0,0,0,0,0,0,0,0,0,0,0,0,0,0,0,0,0,0,0,0,0,0,0,0,0,0,0,0,0,0,0,0,0,0,0,0,0,0,0,0,0,0,0,0,0,0,0,0,0,0,0,0,0,0,0,0,0,0,0,0,0,0,0,0,0,0,0,0,0,0,0
11,85,77,50,2,0,0,0,0,0,0,2,13,24,54,3,0,0,0,0,0,0,0,1,14,77,63,189,14,1,0,0,0,0,0,1,2,3,12,1,0,0,0,0,0,0,0,0,3,15,4,2,22,999,92,4,0,0,0,0,0,0,0,0,0,0,0,0,0,0,0,0,0,0,0,0,0,0,0,0,0,0,0,0,0,0,0,0,0,0,0,0,0,0,0,0,0,0,0,0,0,0,0,0,0,0,0,0,0,0,0,0,0,0,0,0,0,0,0,0,0,0,0,0,0,0,0,0,0,0,0,0,0,0,0,0,0,0,0,0,0,0,0,0,0,0,0,0,0,0,0,0,0,0,0,0,0,0,0,0,0,0,0,0,0,0,0,0,0,0,0,0,0,0,0,0,0,0,0,0,0,0,0,0,0,0,0,0,0,0,0,0,0,0,0,0,0,0,0,0,0,0,0,0,0,0,0,0,0,0,0,0
5,48,88,22,8,0,2,0,0,0,0,1,8,24,65,0,228,14,0,0,0,0,0,0,2,13,9,8,56,45,13,1,0,0,0,0,2,3,3,0,38,0,999,557,44,2,0,0,0,1,0,0,1,7,29,22,4,0,0,0,0,0,0,0,0,0,0,0,0,0,0,3,0,223,20,0,0,0,0,0,0,0,0,0,0,0,0,0,0,0,0,0,0,0,0,0,0,0,0,0,0,0,0,0,0,0,0,0,0,0,0,0,0,0,0,0,0,0,0,0,0,0,0,0,0,0,0,0,0,0,0,0,0,0,0,0,0,0,0,0,0,0,0,0,0,0,0,0,0,0,0,0,0,0,0,0,0,0,0,0,0,0,0,0,0,0,0,0,0,0,0,0,0,0,0,0,0,0,0,0,0,0,0,0,0,0,0,0,0,0,0,0,0,0,0,0,0,0,0,0,0,0,0,0,0,0,0,0,0,0,0,0
0,11,27,14,67,127,59,8,6,0,0,0,0,2,7,0,12,4,40,4,12,0,0,0,0,0,0,0,24,6,24,6,17,999,65,2,0,0,0,0,0,0,9,0,6,2,63,8,0,0,0,0,0,0,0,0,2,0,2,2,2,4,0,0,0,0,0,0,0,0,0,0,0,0,23,0,0,0,0,0,0,0,0,0,0,0,0,0,0,170,16,0,0,0,0,0,0,0,0,0,0,0,0,0,0,0,0,0,0,0,0,0,0,0,0,0,0,0,0,0,0,0,0,0,0,0,0,0,0,0,0,0,0,0,0,0,0,0,0,0,0,0,0,0,0,0,0,0,0,0,0,0,0,0,0,0,0,0,0,0,0,0,0,0,0,0,0,0,0,0,0,0,0,0,0,0,0,0,0,0,0,0,0,0,0,0,0,0,0,0,0,0,0,0,0,0,0,0,0,0,0,0,0,0,0,0,0,0,0,0,0,0
0,15,56,28,96,13,66,6,5,8,4,0,0,5,20,7,67,19,84,41,12,1,0,0,0,3,3,2,285,47,227,98,38,5,1,0,0,0,0,0,6,1,323,349,999,100,16,1,0,0,0,0,0,3,18,6,102,29,57,15,4,0,0,0,0,0,7,2,6,0,20,5,136,13,0,0,0,0,0,0,0,0,0,0,0,0,1,72,8,0,0,0,0,0,0,0,0,0,0,0,0,0,0,0,0,0,0,0,0,0,0,0,0,0,0,0,0,0,0,0,0,0,0,0,0,0,0,0,0,0,0,0,0,0,0,0,0,0,0,0,0,0,0,0,0,0,0,0,0,0,0,0,0,0,0,0,0,0,0,0,0,0,0,0,0,0,0,0,0,0,0,0,0,0,0,0,0,0,0,0,0,0,0,0,0,0,0,0,0,0,0,0,0,0,0,0,0,0,0,0,0,0,0,0,0,0,0,0,0,0,0,0
1,2,1,1,4,1,31,17,36,6,57,155,70,2,1,0,0,0,1,1,7,10,937,43,90,4,2,1,1,4,1,0,0,0,1,1,1,1,11,40,504,23,3,1,0,0,0,0,0,0,0,6,47,37,2,1,0,0,0,0,0,0,0,0,0,0,3,1,0,0,0,0,0,0,0,0,0,0,0,0,1,1,1,0,0,0,0,0,0,0,0,0,0,0,0,0,0,0,0,0,0,0,0,0,0,0,0,0,0,0,0,0,0,0,0,0,0,0,0,0,0,0,0,0,0,0,0,0,0,0,0,0,0,0,0,0,0,0,0,0,0,0,0,0,0,0,0,0,0,0,0,0,0,0,0,0,0,0,0,0,0,0,0,0,0,0,0,0,0,0,0,0,0,0,0,0,0,0,0,0,0,0,0,0,0,0,0,0,0,0,0,0,0,0,0,0,0,0,0,0,0,0,0,0,0,0,0,0,0,0,0,0
0,28,51,14,5,0,0,0,4,5,0,0,4,17,51,19,20,0,0,0,3,6,12,0,2,22,34,34,91,40,3,0,0,0,12,8,0,3,10,7,16,5,3,1,0,0,0,0,0,5,5,7,39,38,25,4,0,0,0,0,0,0,0,0,6,8,17,14,18,1,0,0,0,0,0,0,3,21,68,96,53,57,6,0,0,0,0,0,0,0,5,7,16,25,5,3,0,0,0,0,0,0,1,6,0,167,0,999,120,7,0,0,0,0,0,0,0,3,9,8,0,0,301,38,2,0,0,0,0,0,0,0,0,0,0,0,0,0,0,0,0,0,0,0,0,0,0,0,0,0,0,0,0,0,0,0,0,0,0,0,0,0,0,0,0,0,0,0,0,0,0,0,0,0,0,0,0,0,0,0,0,0,0,0,0,0,0,0,0,0,0,0,0,0,0,0,0,0,0,0,0,0,0,0,0,0,0,0,0,0,0,0
38,3,2,0,3,1,66,8,7,38,46,24,360,14,17,1,0,0,1,1,8,1,16,3,17,38,123,483,112,25,5,0,0,0,0,0,2,0,3,1,858,47,39,2,0,0,0,0,0,0,0,0,0,0,20,1,1,0,0,0,0,0,0,0,0,0,0,0,6,547,42,26,2,0,0,0,0,0,0,0,0,0,0,0,0,0,0,0,0,0,0,0,0,0,0,0,0,0,0,0,0,0,0,0,0,0,0,0,0,0,0,0,0,0,0,0,0,0,0,0,0,0,0,0,0,0,0,0,0,0,0,0,0,0,0,0,0,0,0,0,0,0,0,0,0,0,0,0,0,0,0,0,0,0,0,0,0,0,0,0,0,0,0,0,0,0,0,0,0,0,0,0,0,0,0,0,0,0,0,0,0,0,0,0,0,0,0,0,0,0,0,0,0,0,0,0,0,0,0,0,0,0,0,0,0,0,0,0,0,0,0,0
25,135,222,559,60,2,0,0,0,0,0,0,0,1,1,3,0,0,0,0,0,0,0,0,0,2,15,11,3,112,999,62,1,0,0,0,0,0,0,0,0,0,0,0,0,0,0,0,0,0,0,0,0,0,0,0,0,0,0,0,0,0,0,0,0,0,0,0,0,0,0,0,0,0,0,0,0,0,0,0,0,0,0,0,0,0,0,0,0,0,0,0,0,0,0,0,0,0,0,0,0,0,0,0,0,0,0,0,0,0,0,0,0,0,0,0,0,0,0,0,0,0,0,0,0,0,0,0,0,0,0,0,0,0,0,0,0,0,0,0,0,0,0,0,0,0,0,0,0,0,0,0,0,0,0,0,0,0,0,0,0,0,0,0,0,0,0,0,0,0,0,0,0,0,0,0,0,0,0,0,0,0,0,0,0,0,0,0,0,0,0,0,0,0,0,0,0,0,0,0,0,0,0,0,0,0,0,0,0,0,0,0
4,67,190,45,24,3,9,5,2,0,0,0,9,34,79,16,40,10,9,1,4,1,1,2,7,25,28,43,270,155,52,13,12,1,2,2,1,1,4,3,19,5,62,14,11,3,2,0,0,1,1,1,7,51,270,389,101,15,7,3,1,0,0,0,0,1,15,5,5,2,28,7,12,6,0,0,0,0,0,0,2,7,347,128,30,15,307,27,2,0,0,0,0,0,0,0,3,0,9,2,0,0,0,0,0,0,0,0,0,0,5,6,262,999,110,9,0,0,0,0,0,0,0,0,0,0,0,0,0,0,0,0,0,0,0,0,0,0,0,0,0,0,0,0,0,0,0,0,0,0,0,0,0,0,0,0,0,0,0,0,0,0,0,0,0,0,0,0,0,0,0,0,0,0,0,0,0,0,0,0,0,0,0,0,0,0,0,0,0,0,0,0,0,0,0,0,0,0,0,0,0,0,0,0,0,0,0,0,0,0,0,0
0,6,35,19,99,15,128,15,35,5,1,0,0,0,9,0,73,22,113,19,40,11,11,1,0,0,1,0,188,41,307,36,67,8,18,16,3,0,0,0,4,0,228,48,340,999,111,9,10,6,0,0,0,2,12,6,81,34,80,16,17,4,2,0,0,0,12,3,17,8,57,20,80,240,43,3,1,0,1,4,4,2,20,16,32,30,18,3,3,0,1,0,0,0,2,1,15,7,18,5,6,6,3,5,0,0,0,0,1,0,14,5,20,6,3,0,0,0,0,0,0,0,0,0,6,5,1,0,2,0,0,0,0,0,0,0,0,0,9,3,34,8,1,0,0,0,0,0,0,0,0,0,0,10,2,0,0,0,0,0,0,0,0,0,0,0,0,0,0,0,0,3,0,0,0,0,0,0,0,0,0,0,0,0,0,0,0,0,0,0,0,0,0,0,0,0,0,0,0,0,0,0,0,0,0,0,0,0,0,0,0,0
1,25,66,26,6,1,0,0,0,1,0,0,3,10,26,48,72,6,0,0,0,0,0,0,1,16,24,27,145,20,1,0,0,0,0,0,0,2,3,2,11,9,2,0,0,0,0,0,0,3,2,1,14,52,100,16,1,0,0,0,0,0,0,0,0,0,1,2,0,0,0,0,0,0,0,0,0,0,1,31,22,999,622,57,2,0,0,0,0,0,0,0,0,0,0,0,0,0,0,0,0,0,0,0,0,0,0,0,0,0,0,0,0,0,0,0,0,0,0,0,0,0,0,0,0,0,0,0,0,0,0,0,0,0,0,0,0,0,0,0,0,0,0,0,0,0,0,0,0,0,0,0,0,0,0,0,0,0,0,0,0,0,0,0,0,0,0,0,0,0,0,0,0,0,0,0,0,0,0,0,0,0,0,0,0,0,0,0,0,0,0,0,0,0,0,0,0,0,0,0,0,0,0,0,0,0,0,0,0,0,0,0
1,6,21,15,84,44,117,10,11,13,999,37,6,7,10,2,35,18,143,125,51,3,82,7,1,2,3,2,91,21,127,65,348,30,5,5,7,2,0,1,3,4,62,179,584,81,163,82,9,3,1,0,0,2,2,2,37,7,79,38,9,1,5,1,0,1,3,1,2,1,6,6,576,66,10,2,1,0,0,2,0,0,2,1,1,1,4,524,76,7,81,11,0,0,0,0,0,0,0,0,0,0,0,0,0,0,0,0,0,0,0,0,0,0,0,0,0,0,0,0,0,0,0,0,0,0,0,0,0,0,0,0,0,0,0,0,0,0,0,0,0,0,0,0,0,0,0,0,0,0,0,0,0,0,0,0,0,0,0,0,0,0,0,0,0,0,0,0,0,0,0,0,0,0,0,0,0,0,0,0,0,0,0,0,0,0,0,0,0,0,0,0,0,0,0,0,0,0,0,0,0,0,0,0,0,0,0,0,0,0,0,0
14,14,15,4,46,130,120,6,24,82,176,999,41,44,2,0,0,0,0,0,6,1,7,2,39,2,2,0,0,0,0,0,2,2,1,2,28,4,159,535,34,23,1,0,0,0,0,0,0,0,0,0,0,0,0,0,0,0,0,0,0,0,0,0,0,0,0,0,0,0,0,0,0,0,0,0,0,0,0,0,0,0,0,0,0,0,0,0,0,0,0,0,0,0,0,0,0,0,0,0,0,0,0,0,0,0,0,0,0,0,0,0,0,0,0,0,0,0,0,0,0,0,0,0,0,0,0,0,0,0,0,0,0,0,0,0,0,0,0,0,0,0,0,0,0,0,0,0,0,0,0,0,0,0,0,0,0,0,0,0,0,0,0,0,0,0,0,0,0,0,0,0,0,0,0,0,0,0,0,0,0,0,0,0,0,0,0,0,0,0,0,0,0,0,0,0,0,0,0,0,0,0,0,0,0,0,0,0,0,0,0,0
6,23,23,15,6,3,0,0,0,0,0,0,7,23,40,34,37,9,1,0,0,0,8,10,7,12,14,32,64,41,25,9,0,0,0,0,2,7,10,20,75,82,187,38,13,3,0,0,0,0,0,2,11,36,69,62,43,19,2,0,0,0,0,0,4,21,83,80,259,170,69,25,0,0,0,0,0,0,10,29,58,348,272,389,41,0,0,0,0,0,0,0,4,21,39,94,73,896,999,110,5,0,0,0,0,0,0,0,0,0,0,0,0,0,0,0,0,0,0,0,0,0,0,0,0,0,0,0,0,0,0,0,0,0,0,0,0,0,0,0,0,0,0,0,0,0,0,0,0,0,0,0,0,0,0,0,0,0,0,0,0,0,0,0,0,0,0,0,0,0,0,0,0,0,0,0,0,0,0,0,0,0,0,0,0,0,0,0,0,0,0,0,0,0,0,0,0,0,0,0,0,0,0,0,0,0,0,0,0,0,0,0
39,1,0,0,1,2,10,5,12,25,87,593,282,23,50,3,2,0,3,2,8,3,6,4,9,39,10,3,494,14,21,1,4,3,5,2,3,4,18,5,0,15,25,5,1,0,2,2,4,2,1,0,0,0,1,270,119,99,8,4,1,1,1,1,1,20,1,2,0,0,0,0,0,0,0,0,0,0,0,0,0,0,0,327,18,18,1,0,0,0,0,0,0,0,0,0,0,0,0,0,0,184,9,9,0,0,0,0,0,0,0,0,0,0,0,0,0,0,0,0,0,0,0,0,0,0,0,0,0,0,0,0,0,0,0,0,0,0,0,0,0,0,0,0,0,0,0,0,0,0,0,0,0,0,0,0,0,0,0,0,0,0,0,0,0,0,0,0,0,0,0,0,0,0,0,0,0,0,0,0,0,0,0,0,0,0,0,0,0,0,0,0,0,0,0,0,0,0,0,0,0,0,0,0,0,0,0,0,0,0,0,0
30,60,38,2,0,0,0,16,129,648,24,28,1,0,0,0,0,0,0,6,72,3,3,0,0,0,0,0,0,0,0,7,38,27,63,999,51,44,2,1,0,0,0,0,0,0,0,0,0,0,0,0,0,0,0,0,0,0,0,0,0,0,0,0,0,0,0,0,0,0,0,0,0,0,0,0,0,0,0,0,0,0,0,0,0,0,0,0,0,0,0,0,0,0,0,0,0,0,0,0,0,0,0,0,0,0,0,0,0,0,0,0,0,0,0,0,0,0,0,0,0,0,0,0,0,0,0,0,0,0,0,0,0,0,0,0,0,0,0,0,0,0,0,0,0,0,0,0,0,0,0,0,0,0,0,0,0,0,0,0,0,0,0,0,0,0,0,0,0,0,0,0,0,0,0,0,0,0,0,0,0,0,0,0,0,0,0,0,0,0,0,0,0,0,0,0,0,0,0,0,0,0,0,0,0,0,0,0,0,0,0,0
0,13,56,17,33,0,17,0,3,5,0,0,3,12,24,7,46,16,25,12,7,0,0,0,0,6,12,3,80,24,49,2,6,0,5,0,4,0,3,0,13,5,157,19,12,4,3,0,0,0,0,0,4,11,17,4,43,6,51,12,17,0,0,0,6,3,91,28,87,10,6,6,22,0,0,0,0,0,0,4,3,0,6,0,20,18,999,89,4,0,0,0,0,0,0,0,0,0,0,0,0,248,27,0,0,0,0,0,0,0,0,0,0,0,0,0,0,0,0,0,0,0,0,0,0,0,0,0,0,0,0,0,0,0,0,0,0,0,0,0,0,0,0,0,0,0,0,0,0,0,0,0,0,0,0,0,0,0,0,0,0,0,0,0,0,0,0,0,0,0,0,0,0,0,0,0,0,0,0,0,0,0,0,0,0,0,0,0,0,0,0,0,0,0,0,0,0,0,0,0,0,0,0,0,0,0,0,0,0,0,0,0
8,68,98,19,9,0,1,1,2,0,13,2,23,55,131,33,265,17,0,0,0,0,1,0,5,19,12,8,13,3,2,0,0,0,0,2,9,13,9,3,78,42,999,102,4,0,0,0,0,1,0,0,0,0,1,0,5,1,6,4,0,0,0,0,0,0,0,0,0,8,945,789,70,4,0,0,0,0,0,0,0,0,0,0,0,0,0,0,0,0,0,0,0,0,0,0,0,0,0,0,0,0,0,0,0,0,0,0,0,0,0,0,0,0,0,0,0,0,0,0,0,0,0,0,0,0,0,0,0,0,0,0,0,0,0,0,0,0,0,0,0,0,0,0,0,0,0,0,0,0,0,0,0,0,0,0,0,0,0,0,0,0,0,0,0,0,0,0,0,0,0,0,0,0,0,0,0,0,0,0,0,0,0,0,0,0,0,0,0,0,0,0,0,0,0,0,0,0,0,0,0,0,0,0,0,0,0,0,0,0,0,0
6,41,64,15,7,0,1,0,1,0,0,1,14,32,74,15,121,14,0,0,0,0,0,0,1,9,6,3,9,0,0,0,0,0,1,0,4,8,4,0,39,21,999,776,54,1,0,0,0,0,0,0,0,0,0,0,0,0,0,0,0,0,0,0,0,0,0,0,0,0,0,0,0,0,0,0,0,0,0,0,0,0,0,0,0,0,0,0,0,0,0,0,0,0,0,0,0,0,0,0,0,0,0,0,0,0,0,0,0,0,0,0,0,0,0,0,0,0,0,0,0,0,0,0,0,0,0,0,0,0,0,0,0,0,0,0,0,0,0,0,0,0,0,0,0,0,0,0,0,0,0,0,0,0,0,0,0,0,0,0,0,0,0,0,0,0,0,0,0,0,0,0,0,0,0,0,0,0,0,0,0,0,0,0,0,0,0,0,0,0,0,0,0,0,0,0,0,0,0,0,0,0,0,0,0,0,0,0,0,0,0,0
0,0,1,3,0,4,2,37,88,999,683,26,0,0,0,0,0,0,0,0,0,0,0,0,0,0,0,0,0,0,0,0,0,0,0,0,0,0,0,0,0,0,0,0,0,0,0,0,0,0,0,0,0,0,0,0,0,0,0,0,0,0,0,0,0,0,0,0,0,0,0,0,0,0,0,0,0,0,0,0,0,0,0,0,0,0,0,0,0,0,0,0,0,0,0,0,0,0,0,0,0,0,0,0,0,0,0,0,0,0,0,0,0,0,0,0,0,0,0,0,0,0,0,0,0,0,0,0,0,0,0,0,0,0,0,0,0,0,0,0,0,0,0,0,0,0,0,0,0,0,0,0,0,0,0,0,0,0,0,0,0,0,0,0,0,0,0,0,0,0,0,0,0,0,0,0,0,0,0,0,0,0,0,0,0,0,0,0,0,0,0,0,0,0,0,0,0,0,0,0,0,0,0,0,0,0,0,0,0,0,0,0
0,0,0,2,12,19,115,100,93,11,3,8,0,0,0,0,3,0,24,26,62,33,16,19,16,3,0,0,0,0,3,0,18,27,26,55,999,48,11,0,0,0,0,0,0,0,14,22,14,16,8,49,20,0,0,0,0,0,0,0,8,18,9,6,9,33,4,3,0,0,5,0,0,16,11,25,20,3,23,104,11,0,0,0,2,0,0,0,7,3,0,0,4,4,0,0,0,0,0,9,0,0,2,0,0,0,3,1,0,0,0,0,0,0,0,0,0,11,2,0,0,0,0,0,0,0,0,0,0,0,0,0,0,0,1,2,0,0,0,0,0,0,0,0,0,0,0,0,0,0,0,0,0,0,0,0,0,0,0,0,0,0,0,0,0,0,0,0,0,0,0,0,0,0,0,0,0,0,0,0,0,0,0,0,0,0,0,0,0,0,0,0,0,0,0,0,0,0,0,0,0,0,0,0,0,0,0,0,0,0,0,0
0,5,12,8,68,150,999,213,67,19,67,276,28,3,3,1,10,13,157,271,518,140,51,6,258,27,3,1,9,6,34,41,145,332,395,226,36,10,82,10,2,0,9,4,20,36,101,249,174,140,36,98,87,12,4,1,6,9,15,9,43,86,50,22,30,94,22,8,3,1,16,9,4,74,81,180,55,5,24,9,8,2,1,1,6,1,4,2,49,31,3,1,11,4,2,0,1,0,2,26,6,1,6,1,0,0,5,1,0,0,0,0,0,0,0,0,1,50,7,1,0,0,0,0,0,0,0,0,0,0,0,0,0,1,0,5,1,0,0,0,0,0,0,0,0,0,0,0,0,0,0,0,0,0,0,0,0,0,0,0,0,0,0,0,0,0,0,0,0,0,0,0,0,0,0,0,0,0,0,0,0,0,0,0,0,0,0,0,0,0,0,0,0,0,0,0,0,0,0,0,0,0,0,0,0,0,0,0,0,0,0,0
6,24,23,6,56,6,61,35,369,813,30,26,3,1,1,0,3,1,18,22,25,6,359,16,6,0,0,0,0,0,0,0,0,0,4,1,27,116,11,0,0,0,0,0,0,0,0,0,0,0,0,0,0,0,0,0,0,0,0,0,0,0,0,0,0,0,0,0,0,0,0,0,0,0,0,0,0,0,0,0,0,0,0,0,0,0,0,0,0,0,0,0,0,0,0,0,0,0,0,0,0,0,0,0,0,0,0,0,0,0,0,0,0,0,0,0,0,0,0,0,0,0,0,0,0,0,0,0,0,0,0,0,0,0,0,0,0,0,0,0,0,0,0,0,0,0,0,0,0,0,0,0,0,0,0,0,0,0,0,0,0,0,0,0,0,0,0,0,0,0,0,0,0,0,0,0,0,0,0,0,0,0,0,0,0,0,0,0,0,0,0,0,0,0,0,0,0,0,0,0,0,0,0,0,0,0,0,0,0,0,0,0
2,7,6,2,8,2,24,30,29,5,38,999,50,6,0,0,0,0,1,4,51,3,1,0,3,5,0,0,0,0,0,0,0,1,5,11,9,3,167,7,1,0,0,0,0,0,0,0,0,0,0,0,3,4,0,0,0,0,0,0,0,0,0,0,0,0,0,0,0,0,0,0,0,0,0,0,0,0,0,0,0,0,0,0,0,0,0,0,0,0,0,0,0,0,0,0,0,0,0,0,0,0,0,0,0,0,0,0,0,0,0,0,0,0,0,0,0,0,0,0,0,0,0,0,0,0,0,0,0,0,0,0,0,0,0,0,0,0,0,0,0,0,0,0,0,0,0,0,0,0,0,0,0,0,0,0,0,0,0,0,0,0,0,0,0,0,0,0,0,0,0,0,0,0,0,0,0,0,0,0,0,0,0,0,0,0,0,0,0,0,0,0,0,0,0,0,0,0,0,0,0,0,0,0,0,0,0,0,0,0,0,0
9,26,20,8,24,17,102,999,158,8,0,1,0,0,0,0,0,0,2,1,3,1,19,2,0,0,0,0,0,0,0,0,4,6,1,1,698,31,3,0,0,0,1,0,0,0,1,0,0,0,44,55,5,0,0,0,0,0,0,0,0,0,0,0,0,0,0,0,0,0,0,0,0,0,0,0,0,0,0,0,0,0,0,0,0,0,0,0,0,0,0,0,0,0,0,0,0,0,0,0,0,0,0,0,0,0,0,0,0,0,0,0,0,0,0,0,0,0,0,0,0,0,0,0,0,0,0,0,0,0,0,0,0,0,0,0,0,0,0,0,0,0,0,0,0,0,0,0,0,0,0,0,0,0,0,0,0,0,0,0,0,0,0,0,0,0,0,0,0,0,0,0,0,0,0,0,0,0,0,0,0,0,0,0,0,0,0,0,0,0,0,0,0,0,0,0,0,0,0,0,0,0,0,0,0,0,0,0,0,0,0,0
15,87,161,150,106,13,52,2,1,0,0,3,18,44,77,20,102,15,38,3,6,0,0,0,3,11,11,4,57,8,62,54,309,17,1,0,0,0,0,0,0,1,13,17,26,6,28,2,0,0,0,1,0,0,1,0,4,1,4,81,221,13,1,0,0,0,0,0,0,0,6,6,12,9,171,24,2,0,0,0,0,0,0,0,0,0,3,20,69,6,0,0,0,0,0,0,0,0,0,0,2,4,943,999,91,9,0,0,0,0,0,0,0,0,0,0,0,0,0,0,0,0,0,0,0,0,0,0,0,0,0,0,0,0,0,0,0,0,0,0,0,0,0,0,0,0,0,0,0,0,0,0,0,0,0,0,0,0,0,0,0,0,0,0,0,0,0,0,0,0,0,0,0,0,0,0,0,0,0,0,0,0,0,0,0,0,0,0,0,0,0,0,0,0,0,0,0,0,0,0,0,0,0,0,0,0,0,0,0,0,0,0
0,11,51,31,30,0,33,0,0,0,0,0,0,0,20,7,50,20,0,0,0,0,0,0,0,0,0,0,67,19,35,11,10,0,0,0,0,0,0,0,0,4,130,12,4,42,0,0,0,0,0,0,0,0,0,0,22,10,39,12,16,0,0,0,0,0,0,0,0,0,150,21,0,65,10,61,0,0,0,0,0,0,0,0,12,0,25,20,999,100,0,0,0,0,0,0,0,0,10,0,0,10,160,15,0,0,0,0,0,0,0,0,8,0,5,0,0,0,0,0,0,0,0,0,0,0,0,0,0,0,24,0,0,0,0,0,0,0,0,0,0,0,0,0,0,460,43,0,0,0,0,0,0,0,0,0,0,0,0,0,0,0,0,0,0,0,0,0,0,0,0,0,0,0,0,0,0,0,0,0,0,0,0,0,0,0,0,0,0,0,0,0,0,0,0,0,0,0,0,0,0,0,0,0,0,0,0,0,0,0,0,0
